logradouro,numero,cep,bairro,municipio,estado
JURUBATUBA 39,39,11035-101,APARECIDA,SANTOS,SAO PAULO
PONTE NOVA 12,12,19470-000,VILA MONTE CASTELO,PRESIDENTE EPITACIO,SAO PAULO
MENDANHA 5097,5097,23087-284,CAMPO GRANDE,RIO DE JANEIRO,RIO DE JANEIRO
OLIGISTRO 369,369,31010-430,SANTA TEREZA,BELO HORIZONTE,MINAS GERAIS
ANGELO CAMPOS 405,405,39680-000,PIEDADE,CAPELINHA,MINAS GERAIS
OTACILIO DE OLIVEIRA Sn,Sn,44718-000,SEDE,OUROLANDIA,BAHIA
VINTE E UM 1245,1245,69850-000,PLATO DO PIQUIA,BOCA DO ACRE,AMAZONAS
ASSENTAMENTO BARRO AZUL NA,,35104-000,SAO VITOR,GOVERNADOR VALADARES,MINAS GERAIS
BRAS DA ROCHA CARDOSO 506,506,08190-140,ITAIM PTA,SAO PAULO,SAO PAULO
DOS MANACAS 99,99,13273-030,JARDIM MUNDO NOVO III,VALINHOS,SAO PAULO
DOS FERROVIARIOS 66,66,25635-051,ALTO DA SERRA,PETROPOLIS,RIO DE JANEIRO
PLACIDO GONCALVES 1050,1050,97340-000,,SAO SEPE,RIO GRANDE DO SUL
DAS PAINEIRAS 134,134,75120-220,VILA GOIS,ANAPOLIS,GOIAS
JOSE BONIFACIO 279,279,99300-000,EXPEDICIONARIO,SOLEDADE,RIO GRANDE DO SUL
AVENIDA CREUZA MENDES HOLANDA 919,919,68902-280,MUCA,MACAPA,AMAPA
TRAVESSA WALDEMAR EVALDO BALDO 73,73,39800-594,NOVO HORIZONTE,TEOFILO OTONI,MINAS GERAIS
AGOSTINHO ALVES JOSE AMORIM 344,344,13690-000,CENTRO,DESCALVADO,SAO PAULO
PRACA SANTA CRUZ 35,35,18550-032,CENTRO,BOITUVA,SAO PAULO
DOUTOR EMILIO ATALIBA FINGER 513,513,95032-470,COLINA SORRISO,CAXIAS DO SUL,RIO GRANDE DO SUL
MALHADA DA ONCA 0,0,57275-000,ZONA RURAL,SAO SEBASTIAO,ALAGOAS
DOS ANDRADAS 1000,1000,90020-005,CENTRO,PORTO ALEGRE,RIO GRANDE DO SUL
FRANCISCO BARBOSA DE SOUZA 277,277,49680-000,NOVA ESPERANCA,NOSSA SENHORA DA GLORIA,SERGIPE
PROJETADA Sn,Sn,59856-000,,SEVERIANO MELO,RIO GRANDE DO NORTE
RUA DA LAVANDERIA 272,272,63905-465,CAMPO NOVO,QUIXADA,CEARA
CYPRIANO RIBEIRO CID 453,453,81910-070,SITIO CECADO,CURITIBA,PARANA
OTACILIO RODRIGUES DE OLIVEIRA 250,250,81170-752,CIDADE INDUSTRIAL,CURITIBA,PARANA
JOAQUIM SAMPAIO 210,210,76190-000,VILA BOA ESPERANCA,PALMEIRAS DE GOIAS,GOIAS
PASSAGEM MIRTES 79,79,66083-430,TELEGRAFO SEM FIO,BELEM,PARA
ATALIBA PONTES 825,825,18078-613,PAINEIRAS,SOROCABA,SAO PAULO
JOAO BRANDINO DE CARVALHO 10,10,56780-000,JOAO CORDEIRO,TABIRA,PERNAMBUCO
URUGUAI 363,363,12955-000,PARQUE HORTENCIA,BOM JESUS DOS PERDOES,SAO PAULO
MANOEL AUGUSTO VIEIRA 116,116,-0000002,VILA MENEZES,TATUI,SAO PAULO
MONTE AZUL 186,186,39573-000,CENTRO,PADRE CARVALHO,MINAS GERAIS
CORONEL JACINTO 585,585,37750-000,CENTRO,MACHADO,MINAS GERAIS
TORROES 0,0,59920-000,,SAO MIGUEL,RIO GRANDE DO NORTE
ANGELO GAJARDONI 1921,1921,78250-000,PARQUE SANTA CRUZ,PONTES E LACERDA,MATO GROSSO
A 1 144,144,78735-292,PARQUE SAGRADA FAMI,RONDONOPOLIS,MATO GROSSO
MARIA APARECIDA ANDRADE 100,100,14169-380,TROPICAL,SERTAOZINHO,SAO PAULO
RUA ESTUDANTE SAIONARA MARQUES QUEIROZ 33,33,57301-416,SAO LUIZ,ARAPIRACA,ALAGOAS
PAPOULA 132,132,06730-000,RUTH MARIA,VARGEM GRANDE PAULISTA,SAO PAULO
ACACIA MIMOSA 268,268,83255-000,BALNEARIO PONTAL DO SUL,PONTAL DO PARANA,PARANA
MARIANA CLEMENTE DA SILVA LOT BONFIM 20,20,53637-260,BONFIM,IGARASSU,PERNAMBUCO
LAUDELINO ANTONIO DE BRITO 16,16,02874-040,JARDIM DOS FRANCOS,SAO PAULO,SAO PAULO
ATILIO MAGON 226,226,14177-015,SAO JOAO,SERTAOZINHO,SAO PAULO
CINCO 2,2,11495-000,MORRINHOS III,GUARUJA,SAO PAULO
JOSE COELHO 152,152,45602-018,SANTO ANTONIO,ITABUNA,BAHIA
LUIZ CORREA ALMEIDA 300,300,13612-280,JARDIM LETICIA,LEME,SAO PAULO
DAS AZALEIAS 1053,1053,87060-101,ZONA 40,MARINGA,PARANA
ESCRAVO ISIDORO 575,575,31230-700,SANTO ANDRE,BELO HORIZONTE,MINAS GERAIS
DONA OTI 190,190,90680-060,PETROPOLIS,PORTO ALEGRE,RIO GRANDE DO SUL
DEZ 244,244,96071-400,DEZ,PELOTAS,RIO GRANDE DO SUL
RIO DAS FLORES 175,175,27273-585,SIDERLANDIA,VOLTA REDONDA,RIO DE JANEIRO
04 154,154,25270-030,PARQUE SANTA LUCIA,DUQUE DE CAXIAS,RIO DE JANEIRO
MANOEL MERGULHAO Sn,Sn,61914-080,MUCUNA,MARACANAU,CEARA
LAGOA ESCURA 365,365,39400-970,BAIRRO CARMELO,MONTES CLAROS,MINAS GERAIS
MARIETA D ANGELO MOREIRA 260,260,35680-069,TRES MARIAS,ITAUNA,MINAS GERAIS
SAO FRANCISCO 78,78,91550-250,LOMBADO PINHEIRO,PORTO ALEGRE,RIO GRANDE DO SUL
LOCALIDADE TAMBORIL NA,,64180-000,ZONA RURAL,ESPERANTINA,PIAUI
PAULO CICERO 261,261,66063-403,GUAMA,BELEM,PARA
RUA SEIS 60,60,11700-560,CANTO DO FORTE,PRAIA GRANDE,SAO PAULO
RIO NEGRO 19,19,69415-000,ALTO,IRANDUBA,AMAZONAS
ANTENOR LAZARINI 23,23,83415-080,AGUAS FERVIDAS,COLOMBO,PARANA
DO PESSEGUEIRO 392,392,95400-000,CAMPO DO MEIO,SAO FRANCISCO DE PAULA,RIO GRANDE DO SUL
MANOEL LOURENCO RODRIGUES 929,929,18061-230,VILA BARAO,SOROCABA,SAO PAULO
ESTRADA DO PORTELA 157,157,21351-050,MADUREIRA,RIO DE JANEIRO,RIO DE JANEIRO
PEDRO ALVES DE OLIVEIRA 605,605,64110-000,SANTA ROSA,JOSE DE FREITAS,PIAUI
SILVEIRA MARTINS 164,164,22221-000,CATETE,RIO DE JANEIRO,RIO DE JANEIRO
SAO LORENCO NA,,46900-000,SEABRA,SEABRA,BAHIA
BOM JARDIM NA,,48520-000,ZONA RURAL,CANUDOS,BAHIA
GUADALUPE 302,302,32676-170,NOVA BADEN,BETIM,MINAS GERAIS
DOMINGOS J DA LUZ NA,,75860-000,SANTA CLARA,QUIRINOPOLIS,GOIAS
VILA CIPEC 1,1,26700-000,CENTRO,MENDES,RIO DE JANEIRO
ANTONIO LISBOA DA CRUZ 1760,1760,77405-100,SETOR CENTRAL,GURUPI,TOCANTINS
QUATRO S/N,S/N,25045-100,PARQUE DAS MISSOES,DUQUE DE CAXIAS,RIO DE JANEIRO
BERNA 569,569,04774-000,SANTO AMARO,SAO PAULO,SAO PAULO
NA NA,,48400-000,ZONA RURAL,RIBEIRA DO POMBAL,BAHIA
NATURALISTA FEIJO 1199,1199,60320-080,ELLERY,FORTALEZA,CEARA
NORBERTO BRAZ 251,251,07133-150,JARDIM DIVINOLANDIA,GUARULHOS,SAO PAULO
RUA BANDEIRA PAULISTA 716,716,04532-911,ITAIM BIBI,SAO PAULO,SAO PAULO
ELIZETE GOMES 711,711,79995-000,VILA NOVA,CORONEL SAPUCAIA,MATO GROSSO DO SUL
CARAGUATATUBA 159,159,06853-600,JARDIM MONTEZANO,ITAPECERICA DA SERRA,SAO PAULO
JULIA DUARTE PINHEIRO 221,221,09335-000,SAO JOAO,MAUA,SAO PAULO
NILZA BARRETO 30,30,21675-590,HONORIO GURGEL,RIO DE JANEIRO,RIO DE JANEIRO
MARCIA 106,106,06436-410,PARQUE DOS CAMARGOS,BARUERI,SAO PAULO
LA RINCAO DE SOUZA Sn,Sn,95800-000,SEGUNDO,VENANCIO AIRES,RIO GRANDE DO SUL
ANTONIO STELLA MORUZZI 236,236,13575-480,JARDIM DAS TORRES,SAO CARLOS,SAO PAULO
PE ANTONIO 8,8,40335-150,PERO VAZ,SALVADOR,BAHIA
PROFESSOR DEOVALDO TEIXEIRA DE CARVALH 116,116,13485-211,GRANJA MACHADO,LIMEIRA,SAO PAULO
PADRE VICENTE CORNELIO BORGES 120,120,34800-000,JOSE BRANDAO,CAETE,MINAS GERAIS
RAMIRO BARCELOS 1518,1518,96610-000,CENTRO,ENCRUZILHADA DO SUL,RIO GRANDE DO SUL
AVENIDA VICE PREFEITO POMPEO REALI 1160,1160,18279-000,VILA SAO CRISTOVAO,TATUI,SAO PAULO
CURRALINHO 0,0,62380-000,,GUARACIABA DO NORTE,CEARA
DESEMBARGADOR ANIBAL PACHECO 39,39,30882-700,SERRANO,BELO HORIZONTE,MINAS GERAIS
TADIALISTA COELHO ALVES 310,310,63010-970,TIRADENTES,JUAZEIRO DO NORTE,CEARA
DAS FLORESTAS 43,43,79013-364,ATLANTICO SUL,CAMPO GRANDE,MATO GROSSO DO SUL
AVENIDA NOVE DE JULHO 3405,3405,13208-056,ANHANGABAU,JUNDIAI,SAO PAULO
DUQUE DE CAXIAS NA,,74930-490,GARAVELO,APARECIDA DE GOIANIA,GOIAS
TITINO LEITE S/N,S/N,63210-000,ZONA RURAL,MAURITI,CEARA
PRESIDENTE DUTRA 31,31,41515-120,BAIRRO DA PAZ,SALVADOR,BAHIA
SALATHIEL VAZ DE TOLEDO 289,289,13300-140,JARDIM ALBERTO GOMES,ITU,SAO PAULO
JOANINHA BONK BLONKOWSKI 14,14,83065-520,RIO PEQUENO,SAO JOSE DOS PINHAIS,PARANA
THOMAS DA CUNHA 4,4,24900-001,SAO JOSE IMBASSAI,MARICA,RIO DE JANEIRO
MAJOR TELESPHORO HERMINIO PEREIRA Sn,Sn,46765-000,CENTRO,PIATA,BAHIA
PROFESSOR JOSE ARTHUR DE CARVALH NA,,60831-370,LAGOA REDONDA,FORTALEZA,CEARA
SEIS 28,28,85980-000,JARDIM INTERNACIONAL,GUAIRA,PARANA
SETE DE SETEMBRO 35,35,65860-000,CENTRO,SUCUPIRA DO NORTE,MARANHAO
PITANGA NA,,62350-000,ZONA RURAL,UBAJARA,CEARA
VEREADOR TOALDO TULIO ATE 1598 LADO 602,602,82320-010,SANTA FELICIDADE,CURITIBA,PARANA
MANOEL MARTINS 157,157,24732-890,AMENDOEIRA,SAO GONCALO,RIO DE JANEIRO
AVENIDA DOUTOR NEWTON GUARANA 849,849,28021-245,PENHA,CAMPOS DOS GOYTACAZES,RIO DE JANEIRO
RUA PROFESSOR CRISTOVAO FERNANDES 145,145,37200-000,VILA ROSALINA,LAVRAS,MINAS GERAIS
DOUTOR ANTONIO AUGUSTO 132,132,63460-000,CENTRO,PEREIRO,CEARA
JORGE FURTADO 46,46,91160-640,RUBEM BERTA,PORTO ALEGRE,RIO GRANDE DO SUL
RUA JOAO DRANKA 82,82,80050-530,CRISTO REI,CURITIBA,PARANA
03 13,13,69096-970,ALFREDO NASCIMENTO,MANAUS,AMAZONAS
TUPINAMBAS NA,,68655-000,CENTRO,IRITUIA,PARA
PACAJAS 317,317,08421-110,GUAIANAZES,SAO PAULO,SAO PAULO
DESEMBARGADOR BARCELOS 1331,1331,30421-124,NOVA SUISSA,BELO HORIZONTE,MINAS GERAIS
PERNANBUCO 88,88,99345-000,RABELO,TIO HUGO,RIO GRANDE DO SUL
LIMONITA 490,490,37706-267,JARDIM KENNEDY,POCOS DE CALDAS,MINAS GERAIS
ARTUR SIQUEIRA MENDES 112,112,15900-000,VILA SAO SEBASTIAO,TAQUARITINGA,SAO PAULO
FRANCISCO ALVES DE AZEVEDO 433,433,04416-000,VILA CLARA,SAO PAULO,SAO PAULO
TRES MARIA 0,0,75795-000,ZONA RURAL,CAMPO ALEGRE DE GOIAS,GOIAS
VIRGINIA AUGUSTA MIGUEL 67,67,08285-320,CIDADE LIDER,SAO PAULO,SAO PAULO
EMMA GOSNER 191,191,13218-830,IVOTURUCAIA,JUNDIAI,SAO PAULO
SALIM SIMAO 182,182,12233-820,BOSQUE DOS EUCALIPT,SAO JOSE DOS CAMPOS,SAO PAULO
RUA DONA FRANCISCA 2666,2666,89221-007,SAGUACU,JOINVILLE,SANTA CATARINA
GONCALVES DAIS NA,,65220-000,CENTRO,SAO VICENTE FERRER,MARANHAO
RIO BRANCO 12,12,65465-000,CENTRO,CANTANHEDE,MARANHAO
GETULIO VARGAS 681,681,89600-000,CENTRO,JOACABA,SANTA CATARINA
C 7,7,65300-000,SOL NASCENTE,SANTA INES,MARANHAO
NOSSA SENHORA DE FATIMA 155,155,32185-100,PEDRA AZUL,CONTAGEM,MINAS GERAIS
CASA 228,228,18125-000,VILA PARAISO,ALUMINIO,SAO PAULO
VERIADOR GILBERTO PERREIRA 523,523,57265-000,INHUMAS,TEOTONIO VILELA,ALAGOAS
Q 12 NA,,73750-120,SETOR OESTE,PLANALTINA,GOIAS
ANTONIO SALEMA 550,550,87010-290,ZONA 02,MARINGA,PARANA
AUTO DE CARVALHO 562,562,13573-015,CIDADE ARACY,SAO CARLOS,SAO PAULO
CURITIBA 485,485,85802-227,CENTRO,CASCAVEL,PARANA
GENERAL VITORINO 2670,2670,-0000002,CENTRO,URUGUAIANA,RIO GRANDE DO SUL
13 DE MAIO S/N,S/N,88301-550,CENTRO,ITAJAI,SANTA CATARINA
BOM PASTOR 0,0,-0000002,PORTO DE SANTANA,CARIACICA,ESPIRITO SANTO
JOSE LEANDRO DE CARVALHO 7653,7653,11713-090,PARQUE DAS AMERICAS,PRAIA GRANDE,SAO PAULO
RUA PRESIDENTE COSTA E SILVA 95,95,95520-000,CARAVAGIO,OSORIO,RIO GRANDE DO SUL
ESCADARIA JOAO PAULO COUTINH0 7,7,29027-309,CABRAL,VITORIA,ESPIRITO SANTO
MOISES SANTOS LIMA 519,519,83900-000,VILA VERDE,SAO MATEUS DO SUL,PARANA
SAO LEOPOLDO 12,12,-0000002,INDUSTRIAL,ARACATUBA,SAO PAULO
QNJ 58 BLOCO E NA,,72140-580,TAGUATINGA,BRASILIA,DISTRITO FEDERAL
JOSE NUNES Sn,Sn,76240-000,NOVA ESPERANCA,ARAGARCAS,GOIAS
QUATRO 29,29,67020-410,AGUAS LINDAS,ANANINDEUA,PARA
DEZ DE NOVEMBRO 1309,1309,89825-000,CENTRO,XAXIM,SANTA CATARINA
AVENIDA PRINCESA ISABEL 334,334,22011-010,COPACABANA,RIO DE JANEIRO,RIO DE JANEIRO
DO MATADOURO Sn,Sn,48330-000,,RIO REAL,BAHIA
PIABA 12,12,69088-000,JORGE TEIXEIRA III,MANAUS,AMAZONAS
LINHA 68 92,92,76926-000,ZONA RURAL,MIRANTE DA SERRA,RONDONIA
RUA JONAS R DE CERQUEIRA Sn,Sn,77375-000,CENTRO,SANTA ROSA DO TOCANTINS,TOCANTINS
DO LAGO 86,86,94055-250,MONTE BELO,GRAVATAI,RIO GRANDE DO SUL
ALDEIA PUYANAWA Sn,Sn,69990-000,ZONA RURAL,MANCIO LIMA,ACRE
ARISTIDES DA SILVA 54,54,88104-710,FAZENDA S ANTONIO,SAO JOSE,SANTA CATARINA
POV MANIVAL NA,,65250-000,ZONA RURAL,ALCANTARA,MARANHAO
FIRMO LACERDA DE VERGUEIRA 476,476,13607-080,JARDIM NOSSA SENHORA,ARARAS,SAO PAULO
B 8 15,15,21046-310,BONSUCESSO,RIO DE JANEIRO,RIO DE JANEIRO
GERONIMA TEIXEIRA RAMOS 20,20,79215-000,CENTRO,DOIS IRMAOS DO BURITI,MATO GROSSO DO SUL
MANOEL BATISTA 20,20,24455-175,MUTUAPIRA,SAO GONCALO,RIO DE JANEIRO
DOM PEDRO II 781,781,47400-000,SANTA MARTA,XIQUE-XIQUE,BAHIA
JACARANDA 215,215,93700-000,OPERARIO,CAMPO BOM,RIO GRANDE DO SUL
AMADEU SEGUNDO CHERUBINI 200,200,15091-250,JARDIM PANORAMA,SAO JOSE DO RIO PRETO,SAO PAULO
CATU 99,99,59173-000,ZONA RURAL,GOIANINHA,RIO GRANDE DO NORTE
FRANCISCO REVERBEL DE ARAUJO GOES 3112,3112,97575-150,B INDUSTRIAL,SANT'ANA DO LIVRAMENTO,RIO GRANDE DO SUL
SENADOR ROBERT KENNEDY 864,864,60332-170,BARRA DO CEARA,FORTALEZA,CEARA
SAO JOSE DO COUTO NA,,78635-000,RURAL,AGUA BOA,MATO GROSSO
HILDA FALCAO 44,44,65940-000,BELA VISTA,GRAJAU,MARANHAO
POVOADO VILA DAS ALMAS Sn,Sn,65515-000,,BURITI,MARANHAO
MERCEDEZ VAZ STANISLAWCZUK 34,34,84025-670,UVARANAS,PONTA GROSSA,PARANA
NICODEMO MOELHEQUE 71,71,99500-000,ALEGRE,CARAZINHO,RIO GRANDE DO SUL
SEBASTIAO ALVES PEREIRA 36,36,35588-000,JARDIM BELA VISTA,ARCOS,MINAS GERAIS
MARIO BIGARDI 85,85,-0000002,JARDIM DAS AMERICAS,CAJAMAR,SAO PAULO
MARIO GALVANI 8,8,13403-879,MARIO GALVANI,PIRACICABA,SAO PAULO
SANDRO BOTICELLI 53,53,29165-540,PARQUE RESIDENCIAL LARANJEIRA,SERRA,ESPIRITO SANTO
02 S/N,S/N,76330-000,CENTRO,JARAGUA,GOIAS
CASA 255,255,02713-005,JARDIM DAS GRACAS,SAO PAULO,SAO PAULO
LA CAMANJO 0,0,85610-000,,RENASCENCA,PARANA
115 298,298,74085-325,SETOR SUL,GOIANIA,GOIAS
JOAO ANTONIO DA SILVA 150,150,36580-000,CENTRO,TEIXEIRAS,MINAS GERAIS
MARECHAL FALCAO DA FROTA 1618,1618,21831-440,PADRE MIGUEL,RIO DE JANEIRO,RIO DE JANEIRO
SAO VICENTE DO ARAGUAIA 1631,1631,75701-650,SANTO ANTONIO,CATALAO,GOIAS
JOAQUIM PINHEIRO 183,183,14940-000,PARQUE INDUSTRIAL,IBITINGA,SAO PAULO
LUTHER KING 90,90,31170-100,CIDADE NOVA,BELO HORIZONTE,MINAS GERAIS
541 242,242,60531-450,CONJUNTO CEARA II,FORTALEZA,CEARA
RUA SANTOS DUMONT 7,7,28907-150,CENTRO,CABO FRIO,RIO DE JANEIRO
JOSE FERNANDES CALDAS 140,140,04190-040,JARDIM SANTA EMILIA,SAO PAULO,SAO PAULO
ANTONIO FONTANESI 44,44,05639-140,LARDIM LAR SAO PAULO,SAO PAULO,SAO PAULO
BOM JESUS 78,78,79008-970,VILA AYMORE,CAMPO GRANDE,MATO GROSSO DO SUL
PRESIDENTE TANCREDO NEVES 670,670,-0000002,PARQUE AEROPORTO,MACAE,RIO DE JANEIRO
PREFEITO LAZARO MARQUES QUEIROZ 229,229,37905-000,NOSSA SENHORA APARECIDA,FORTALEZA DE MINAS,MINAS GERAIS
CUITE 153,153,53350-360,TABAJARA,OLINDA,PERNAMBUCO
A 4 270,270,14031-810,JARDIM PROGRESSO,RIBEIRAO PRETO,SAO PAULO
CRUZ NA,,62795-000,SITIO CRUZ,BARREIRA,CEARA
RUA EDUARDO CACAO 1020,1020,11347-150,JARDIM RIO BRANCO,SAO VICENTE,SAO PAULO
CORREIA PAMPLONA 67,67,04949-060,CORREIA PAMPLONA,SAO PAULO,SAO PAULO
FLORENTINO OLIMPIO DOS SANTOS 95,95,50830-470,AFOGADOS,RECIFE,PERNAMBUCO
AURELIANO RODRIGUES 509,509,38840-000,PARANAIBA,CARMO DO PARANAIBA,MINAS GERAIS
SERINO DA SILVA COSTA 34,34,96225-000,VENEZA,SAO JOSE DO NORTE,RIO GRANDE DO SUL
PROJETADA 16,16,79910-000,RESIDENCIAL ARNALDO MARQUES,ANTONIO JOAO,MATO GROSSO DO SUL
MASSAPE Sn,Sn,62630-000,ZONA RURAL,APUIARES,CEARA
MARIA LUIZA ETUR DA SILVA 36,36,88312-180,SAO VICENTE,ITAJAI,SANTA CATARINA
AIMORES 615,615,09195-090,VILA ALZIRA,SANTO ANDRE,SAO PAULO
JORGE SUQUISAQUI 330,330,13568-658,PARQUE DOURADINHO,SAO CARLOS,SAO PAULO
REUNIDAS AGROVILA CENTRAL L 164,L 164,16370-000,CORREGO RICO,PROMISSAO,SAO PAULO
NOSSA SENHORA DE LOURDES 55,55,57055-120,FAROL,MACEIO,ALAGOAS
GUIRAPA 315,315,08030-290,SAO MIGUEL PTA,SAO PAULO,SAO PAULO
DONA BENVINDA DE FARIAS 7078,7078,51020-140,BOA VIAGEM,RECIFE,PERNAMBUCO
MARQUES DE HERVAL 939,939,79017-190,NOVA LIMA,CAMPO GRANDE,MATO GROSSO DO SUL
AGENOR MARTINHO LIMA 453,453,88820-000,NOSSA SENHORA DE FATIMA,ICARA,SANTA CATARINA
BOA VISTA S/N,S/N,65380-000,ZONA RURAL,BOM JARDIM,MARANHAO
MARIA DO CARMO ALVES 370,370,36061-310,BOM SUSSECO,JUIZ DE FORA,MINAS GERAIS
ANA RITA DE SOUZA 103,103,-0000002,PEDRINHAS,JUAZEIRO DO NORTE,CEARA
REMANSO NA,,47200-000,REMANSO,REMANSO,BAHIA
RUA AMBROSIO C MARQUES 57,57,57920-000,ALTO DA COHAB,SAO LUIS DO QUITUNDE,ALAGOAS
ALBA 2153,2153,04346-000,VILA PARQUE JABAQUA,SAO PAULO,SAO PAULO
07 DE SETEMBRO 0,0,85162-000,CENTRO,GOIOXIM,PARANA
HERMANO FERREIRA 16,16,45120-000,CIDADE JARDIM,BARRA DO CHOCA,BAHIA
ANDRE MAJER 36,36,02361-010,ASSOC SOBRADINHO,SAO PAULO,SAO PAULO
TENENTE HUGO LIMA 78,78,38603-366,PARACATUZINHO,PARACATU,MINAS GERAIS
DOUTOR OSWALDO CRUZ 1720,1720,14401-212,JARDIM BOA ESPERANCA,FRANCA,SAO PAULO
EXP HONORATO FRANCISCO DE FREITAS 110,110,88905-530,URUSSANGUINHA,ARARANGUA,SANTA CATARINA
CORREGO DA BENGALA 0,0,29400-000,CONCEICAO DO MUQUI,MIMOSO DO SUL,ESPIRITO SANTO
DOUTOR ADEMIR CUBERO RUANO 972,972,13053-124,JARDIM CAMPO BELO I,CAMPINAS,SAO PAULO
DO COPIUVA 1140,1140,06330-000,VILA D OPORTUNIDADE,CARAPICUIBA,SAO PAULO
OLIMPIO JOSE RODRIGUES 115,115,48950-000,CENTRO,UAUA,BAHIA
3 131,131,11345-240,VILA MATHIAS,SAO VICENTE,SAO PAULO
DA BANDEIRA 85,85,12281-630,CENTRO,CACAPAVA,SAO PAULO
JAIME QUARTUCCI 155,155,18708-884,CAMARGO,AVARE,SAO PAULO
MPZART GONDIM 1313,1313,60320-250,SAO GERARDO,FORTALEZA,CEARA
PRINCIPAL Sn,Sn,-0000002,CORREGO FARIAS,LINHARES,ESPIRITO SANTO
SAO JORGE 16,16,23060-710,INHOAIBA,RIO DE JANEIRO,RIO DE JANEIRO
ARMANDO GUERRA 1135,1135,15105-000,JARDIM DO BOSQUE,POTIRENDABA,SAO PAULO
JOSE FERNANDES DE OLIVEIRA 525,525,38780-000,CIDADE NOVA 2,VAZANTE,MINAS GERAIS
PORTAO OCOY 0,0,85890-000,,MISSAL,PARANA
PADRE BALTAZAR DUARTE 151,151,03925-030,LAR NACIONAL,SAO PAULO,SAO PAULO
GUILHERME LINO DOS SANTOS 400,400,07190-010,JARDIM FLOR DA MONTANHA,GUARULHOS,SAO PAULO
PROJETADA Q 4 RES JARDIM ROYAL MOD IV 99,99,57072-252,CIDADE UNIVERSITARI,MACEIO,ALAGOAS
GUARULHOS 2845,2845,07031-000,PONTE GRANDE,GUARULHOS,SAO PAULO
PIAUI 629,629,64475-000,CENTRO,FRANCISCO AYRES,PIAUI
RUA JORGE AMADO 62,62,93821-438,AMARAL RIBEIRO,SAPIRANGA,RIO GRANDE DO SUL
ALFREDO BACKER 579,579,24452-001,ALCANTARA,SAO GONCALO,RIO DE JANEIRO
ITATIAIA 1483,1483,81070-100,PORTAO,CURITIBA,PARANA
GUILHERME BECKER 37a,37a,29182-577,BAIRRO NOVO,SERRA,ESPIRITO SANTO
ANGELO DORACI 383,383,14140-000,RUA ANGELO DORACI,CRAVINHOS,SAO PAULO
FAZENDA SALTO 0,0,47650-000,ZONA RURAL,CORRENTINA,BAHIA
BR-316 1,1,64602-000,ALTAMIRA,PICOS,PIAUI
GRAO PARA 84,84,90850-170,MENINO DEUS,PORTO ALEGRE,RIO GRANDE DO SUL
PARANAGUA 140,140,40820-360,PARIPE,SALVADOR,BAHIA
"RUA GENERAL CAMARA, SALA 3 1169",1169,96600-000,CENTRO,CANGUCU,RIO GRANDE DO SUL
LOURENCO SILVA PAZ 9,9,08151-305,GUAIANAZES,SAO PAULO,SAO PAULO
ALBERTINO FONTANA 87,87,13160-000,SACILOTTO,ARTUR NOGUEIRA,SAO PAULO
EUCLIDES RODRIGUES 1561,1561,68925-970,NOVA BRASILIA,SANTANA,AMAPA
ADEMAR VIEIRA DA CUNHA 1007,1007,29390-000,VILA NOVA,IUNA,ESPIRITO SANTO
EPIFANIO DIAS 130,130,21625-180,ANCHIETA,RIO DE JANEIRO,RIO DE JANEIRO
XIQUE XIQUE 15,15,40340-210,PERO VAZ,SALVADOR,BAHIA
AVENIDA ARAGAO 331,331,24411-140,COVANCA,SAO GONCALO,RIO DE JANEIRO
AUGUSTO ZANELLA NA,,85515-000,CENTRO,BOM SUCESSO DO SUL,PARANA
MATOSO DA CAMARA 32,32,50920-050,TEJIPIO,RECIFE,PERNAMBUCO
AUGUSTO DA SILVA PINTO 558,558,25850-000,BROCOTO,PARAIBA DO SUL,RIO DE JANEIRO
RUY DIAS BARBOSA 60,60,29048-165,JOANA D ARC,VITORIA,ESPIRITO SANTO
FINLANDIA 131,131,08695-105,JARDIM SAO JOSE,SUZANO,SAO PAULO
ALTO DO MORRO 32,32,11960-000,VILA MARIA,ELDORADO,SAO PAULO
JOAO DAS BOTAS NA,,47600-000,SAO JOAO,BOM JESUS DA LAPA,BAHIA
CARLOS COSTA PENA 41,41,45580-000,MASSARANDUBA,IBIRATAIA,BAHIA
CINPLICIO COSTA 1509,1509,68540-000,,CONCEICAO DO ARAGUAIA,PARA
PASQUALE GALLUPI 127,127,05660-000,PARAISOPOLIS,SAO PAULO,SAO PAULO
AVENIDA CANDIDO DE ABREU 38,38,80530-000,CENTRO,CURITIBA,PARANA
BELEZA NA,,63210-000,ANAUA,MAURITI,CEARA
CONSELHEIRO CHAVES 47,47,48120-000,CENTRO,POJUCA,BAHIA
JOAO BISSOTTO FILHO 1728,1728,13275-410,ORTIZES,VALINHOS,SAO PAULO
RUA TIRADENTES 200,200,93700-000,CENTRO,CAMPO BOM,RIO GRANDE DO SUL
PREFEITO JOAO AUGUSTO DE ANDRADE NA,,24800-380,SOSSEGO,ITABORAI,RIO DE JANEIRO
BARBARA KNIPPELBERG LOUREIRO 203,203,12243-040,VILA EMA,SAO JOSE DOS CAMPOS,SAO PAULO
SEGREDO DA LUZ 16,16,08343-160,JARDIM DA CONQUISTA,SAO PAULO,SAO PAULO
CORONEL CARVALHO 605,605,69980-000,SABOEIRO,CRUZEIRO DO SUL,ACRE
FRANCISCO DEPIERI NA,,86990-000,JARDIM ITALIA,MARIALVA,PARANA
ESTER 739,739,35164-160,CANAA,IPATINGA,MINAS GERAIS
BOA VIAGEM 4200,4200,51021-000,BOAVIAGEM,RECIFE,PERNAMBUCO
IVIO DOMINGOS CRESTANI 457,457,87075-705,CJTO RESIDENCIAL ANDREA,MARINGA,PARANA
SATERE MAUE 24,24,69095-000,NOVO ISRAEL,MANAUS,AMAZONAS
CHOPIN 970,970,25050-580,JARDIM GRAMACHO,DUQUE DE CAXIAS,RIO DE JANEIRO
AVENIDA FAUSTO BORBA PRATES 3166,3166,95595-000,CENTRO,CIDREIRA,RIO GRANDE DO SUL
BRASIL NA,,69308-050,13 DE SETEMBRO,BOA VISTA,RORAIMA
CONEGO JARBAS 365,365,12630-000,VILA CARMEM,CACHOEIRA PAULISTA,SAO PAULO
ESTRADA ANTONIO JOSE BITTENCOURT 1490,1490,26535-002,NOVA CIDADE,NILOPOLIS,RIO DE JANEIRO
ESTRADA PANAQUATIRA 30,30,65110-000,J. CAMARA,SAO JOSE DE RIBAMAR,MARANHAO
GARIBALDI 894,894,85877-000,CENTRO,SAO MIGUEL DO IGUACU,PARANA
MORRETES 235,235,08140-430,ITAIM PTA,SAO PAULO,SAO PAULO
INTERNA C 85,85,32010-477,BERNARDO MONTEIRO,CONTAGEM,MINAS GERAIS
JOAO BENICIO DA TRINDADE 131,131,89116-674,MARGEM ESQUERDA,GASPAR,SANTA CATARINA
ALCIDES CHACON COUTO 1111,1111,17900-000,METROPOLE,DRACENA,SAO PAULO
RUA DO LIVRAMENTO 142,142,-0000002,CENTRO,VARZEA GRANDE,MATO GROSSO
A QUADRA 13 CASA 6 NA,,40730-000,COUTOS,SALVADOR,BAHIA
JORGE SANWAIS 656,656,85851-150,CENTRO,FOZ DO IGUACU,PARANA
IDALINA SALCEDO DE PAULA 571,571,06693-210,JARDIM DONA ELVIRA,ITAPEVI,SAO PAULO
RUA FERDINANDO PANATTONI 400,400,13060-090,JARDIM PAULICEIA,CAMPINAS,SAO PAULO
MARANHAO 665,665,87430-000,CENTRO,TAPEJARA,PARANA
FEIJAO MANSO S/N,S/N,62910-000,ZONA RURAL,PALHANO,CEARA
TREZE 361,361,26290-360,PALHADA,NOVA IGUACU,RIO DE JANEIRO
UNIAO AFRICANA 591,591,93348-320,PETROPOLIS,NOVO HAMBURGO,RIO GRANDE DO SUL
RUA FRANCISCO MACHADO 680,680,94852-040,TIJUCA,ALVORADA,RIO GRANDE DO SUL
PEDRO LUIZ RAMOS 26,26,18190-000,MARIA PAULA ESPOSIT,ARACOIABA DA SERRA,SAO PAULO
MAFRENSE 88,88,64860-000,AREIA,URUCUI,PIAUI
RUA NEREU RAMOS 439,439,89610-000,CENTRO,HERVAL D'OESTE,SANTA CATARINA
SANTO ALBERTO 777,777,04676-042,VILA SAO PEDRO,SAO PAULO,SAO PAULO
300 CONJUNTO 13 CASA 10 NA,,72620-113,RECANTO DAS EMAS,BRASILIA,DISTRITO FEDERAL
FELICIANO GALDINO 765,765,78025-000,PORTO,CUIABA,MATO GROSSO
LUCIDIO FREITAS 1654,1654,64002-300,,TERESINA,PIAUI
FORMOSA 3090,3090,53401-670,NOBRE,PAULISTA,PERNAMBUCO
DA FLORESTA 313,313,95671-380,FLORESTA,GRAMADO,RIO GRANDE DO SUL
QNM 21 CONJUNTO I 1,1,72215-219,CEILANDIA SUL CEIL,BRASILIA,DISTRITO FEDERAL
J A DE ALMEIDA GONZAGA 302,302,12606-370,BAIRRO DA CRUZ,LORENA,SAO PAULO
RUA 28 DE JUNHO 107,107,45650-780,CENTRO,ILHEUS,BAHIA
OTACILIO VIEIRA CAMPOS 0,0,36910-000,CENTRO,SANTA MARGARIDA,MINAS GERAIS
REVERENDO ECLESIO CORREA DE OLIVEIRA 15,15,05874-150,NOVO SANTO AMARO,SAO PAULO,SAO PAULO
PERNMBUCO 103,103,18150-000,CARMO MESSIAS,IBIUNA,SAO PAULO
JOAO VELOSO DA SILVA 234,234,07180-010,CUMBICA,GUARULHOS,SAO PAULO
B 20,20,64031-322,BELA VISTA,TERESINA,PIAUI
HABITACIONAL SOL NASCENTE 5,5,72236-800,SOL NASCENTE,BRASILIA,DISTRITO FEDERAL
RUA ALMIRANTE TAMANDARE 69,69,95080-340,SAO LEOPOLDO,CAXIAS DO SUL,RIO GRANDE DO SUL
COBE 401,401,21820-200,BANGU,RIO DE JANEIRO,RIO DE JANEIRO
ALMIRANTE TAMANDARE 47,47,24350-380,ALMIRANTE TAMANDARE,NITEROI,RIO DE JANEIRO
ROSEMARY FERREIRA MATOS 357,357,07991-060,JARDIM ROSA,FRANCISCO MORATO,SAO PAULO
PRESIDENTE DUTRA 3091,3091,76801-157,CAIARI,PORTO VELHO,RONDONIA
CASTRO ALVES NA,,48970-000,IGARA,SENHOR DO BONFIM,BAHIA
POVOADO TAPUIA NA,,64046-970,ZONA RUARAL,TERESINA,PIAUI
IELMO MARINHO 85,85,03236-030,PARQUE INDEPENDENCI,SAO PAULO,SAO PAULO
COR DE ROSA 23,23,64160-000,IGARAPE,LUZILANDIA,PIAUI
GUMERCINDO DE FREITAS 114,114,28030-295,PARQUE SAO CAETANO,CAMPOS DOS GOYTACAZES,RIO DE JANEIRO
DE BAIXO 1 TRAVESSA Sn,Sn,44460-000,ALTO ST ANTONIO,ITAPARICA,BAHIA
DO KOYAMA 2554,2554,08633-435,PALMEIRAS,SUZANO,SAO PAULO
ANTONIO DUARTE NOGUEIRA 290,290,14340-000,COHAB II,BRODOWSKI,SAO PAULO
GONZAGA VIEIRA JUNIOR 231,231,25710-220,CASCATINHA,PETROPOLIS,RIO DE JANEIRO
DO FUTURO 391,391,52050-005,GRACAS,RECIFE,PERNAMBUCO
ANTONIO PERES 4,4,68109-000,ALTER DO CHAO,SANTAREM,PARA
ABEL GOMES 70,70,36780-000,BAIRRO DE FATIMA,ASTOLFO DUTRA,MINAS GERAIS
IVO BUGANCA 260,260,15828-000,MUTIRAO,PALMARES PAULISTA,SAO PAULO
CAETITE 2345,2345,45051-135,BRASIL,VITORIA DA CONQUISTA,BAHIA
TRES LAGOAS NA,,45300-000,ZONA RURAL,AMARGOSA,BAHIA
CABREIRO NA,,62800-000,RURAL,ARACATI,CEARA
TRAVESSA CORCOVADO 7,7,94820-350,SUMARE,ALVORADA,RIO GRANDE DO SUL
PIMENTA DE PADUA 1583,1583,37950-022,CENTRO,SAO SEBASTIAO DO PARAISO,MINAS GERAIS
B 28,28,45115-000,SANTA HELENA,VITORIA DA CONQUISTA,BAHIA
PORTO SECO 122,122,37031-080,AEROPORTO,VARGINHA,MINAS GERAIS
AUGUSTO DE LIMA 1212,1212,30190-003,BARRO PRETO,BELO HORIZONTE,MINAS GERAIS
JOSE CAPITAO 20,20,32636-100,CHARNECA,BETIM,MINAS GERAIS
CHACARA BOA ESPERANCA S/N,S/N,18400-970,SAO BENEDITO,ITAPEVA,SAO PAULO
ALFREDO FERREIRA DE CAMPOS 51,51,18170-000,COTIANOS,PIEDADE,SAO PAULO
AVENIDA A 28,28,78090-000,COHAB SAO GONCALO,CUIABA,MATO GROSSO
AVENIDA DOS ESTADOS 6817,6817,09270-270,TAMANDUATEI 8,SANTO ANDRE,SAO PAULO
CARNEIRO DE CAMPOS 210,210,55032-370,PETROPOLIS,CARUARU,PERNAMBUCO
BEM TE VI MARROM 60,60,04851-401,PARQUE RESIDENCIAL DOS LAGOS,SAO PAULO,SAO PAULO
ARUJA 140,140,06268-080,PARQUE BANDEIRANTES,OSASCO,SAO PAULO
JORGE AMADO NA,,44790-000,VILA ENCANTADA,CAMPO FORMOSO,BAHIA
VECIO JOSE ALVES 630,630,13473-300,,AMERICANA,SAO PAULO
CHACARA 7 LOTE 6,6,-0000002,AGUAS LINDAS,AGUAS LINDAS DE GOIAS,GOIAS
OLGA BENARIO PRESTES 234,234,14096-090,RIBEIRANIA,RIBEIRAO PRETO,SAO PAULO
RUA BENTO GONCALVES 83,83,89802-071,JARDIM ITALIA,CHAPECO,SANTA CATARINA
BENEDITO VALADARES 216,216,37925-000,CENTRO,PIUMHI,MINAS GERAIS
GENIPAPEIRO 41 E,41 E,40710-000,PLATAFORMA,SALVADOR,BAHIA
JOSE ANGERRY 3,3,64445-000,NOVO TEMPO,MIGUEL LEAO,PIAUI
MANOEL FERNANDES DE ALMEIDA 37,37,45810-000,CENTRO,PORTO SEGURO,BAHIA
DOMICIO JOSE DAS GRACAS 152,152,49535-000,,SAO MIGUEL DO ALEIXO,SERGIPE
MARECHAL DEODORO 900,900,84600-000,SAO BASILIO MAGNO,UNIAO DA VITORIA,PARANA
DO LIRIO 227,227,53070-030,RIO DOCE,OLINDA,PERNAMBUCO
QUEBRACHO 1,1,-0000002,HULHA NEGRA,BAGE,RIO GRANDE DO SUL
SANTA GEMA 31,31,07060-140,TORRE TIBAGI,GUARULHOS,SAO PAULO
AGENOR VELOSO 1740,1740,64023-285,LOURIVAL PARENTE,TERESINA,PIAUI
JUSCELINO KUBITSCHEK 7858,7858,12220-000,VILA INDUSTRIAL,SAO JOSE DOS CAMPOS,SAO PAULO
RES PEDRA MOLE QUADRA 12 CS 16 NA,,64066-000,PEDRA MOLE,TERESINA,PIAUI
LUG ANGICO NA,,64460-000,,AGUA BRANCA,PIAUI
LAGOA DO MORRO Sn,Sn,46310-000,SEDE,JACARACI,BAHIA
JOAO DAS BOTAS 105,105,40110-160,CANELA,SALVADOR,BAHIA
VARZEA VERDE NA,,57635-000,ZONA RURAL,TANQUE D'ARCA,ALAGOAS
QNM 36 CONJUNTO E 47,47,72145-605,TAGUATINGA NORTE T,BRASILIA,DISTRITO FEDERAL
BRASIL 2 29,2 29,87400-000,CENTRO,CRUZEIRO DO OESTE,PARANA
TRISTAO PINTO 1206,1206,97300-000,CENTRO,SAO GABRIEL,RIO GRANDE DO SUL
DO CAJUEIRINHO 1,1,65415-000,VILA VAVA,COROATA,MARANHAO
DAS DRACENAS 415,415,30690-210,LINDEIA,BELO HORIZONTE,MINAS GERAIS
RUA JOAQUIM EDUARDO DE FARIAS 213,213,59091-130,PONTA NEGRA,NATAL,RIO GRANDE DO NORTE
MANOEL BARBOSA DE LIMA 297,297,58400-970,SANTA TEREZINHA,CAMPINA GRANDE,PARAIBA
30 56,56,-0000002,CIDADE NOVA,TIMON,MARANHAO
RAMIRO SIQUEIRA 191,191,30295-170,CASTANHEIRAS,BELO HORIZONTE,MINAS GERAIS
CARMEM DURAN ALVES 261,261,15290-000,CIDADE NOVA II,BURITAMA,SAO PAULO
MARCIANO HALCHUK 55,55,87005-080,VILA BOSQUE,MARINGA,PARANA
NOSSA SENHORA DE FATIMA 24,24,33900-540,SAO MIGUEL,RIBEIRAO DAS NEVES,MINAS GERAIS
RAMOS DE AZEVEDO 1268,1268,13150-000,VILA S PEDRO,COSMOPOLIS,SAO PAULO
CANDIDA SANTOS 0,0,74935-560,ILDA,APARECIDA DE GOIANIA,GOIAS
GODOFREDO VIANA 757,757,65900-100,CENTRO,IMPERATRIZ,MARANHAO
POVOADO DE AGUA DOCE 0,0,47950-000,ZONA RURAL,CRISTOPOLIS,BAHIA
JOAQUIM LILIOSO DE LUCENA 408,408,58705-052,NOE TRAJANO,PATOS,PARAIBA
RUA VARZEA PAULISTA 99,99,13233-280,JARDIM LAURA,CAMPO LIMPO PAULISTA,SAO PAULO
ANTENOR CRISTINO DA SILVA 69,69,12441-050,MOREIRA CESAR,PINDAMONHANGABA,SAO PAULO
AVENIDA JK 69,69,76380-000,JARDIM ESPERANCA,GOIANESIA,GOIAS
02 87,87,78480-000,COHAB VELHA,ROSARIO OESTE,MATO GROSSO
SAO ROQUE 11,11,45051-565,BRASIL,VITORIA DA CONQUISTA,BAHIA
WALLACE SIMONSEN 555,555,09771-210,NOVA PETROPOLI,SAO BERNARDO DO CAMPO,SAO PAULO
SANTA RITA 5,5,59380-000,SANTA MARIA GORETE,CURRAIS NOVOS,RIO GRANDE DO NORTE
DOUTOR PEDRO LUDOVICO TEIXEIRA 11 Nc,Nc,74001-970,SETOR CENTRAL,GOIANIA,GOIAS
SETE DE SETEMBRO 113,113,18270-970,DOUTOR LAURINDO,TATUI,SAO PAULO
VENCESLAU BRAZ 2072,2072,19470-000,BOA VISTA,PRESIDENTE EPITACIO,SAO PAULO
MIRASSOL 305,305,06395-350,CIDADE ARISTON ESTE,CARAPICUIBA,SAO PAULO
GENESIO GABRIEL ARMELINI 69,69,13806-568,JARDIM PAULISTA,MOGI-MIRIM,SAO PAULO
SAO LOURENCO NA,,25243-150,CHACARAS RIO PETROP,DUQUE DE CAXIAS,RIO DE JANEIRO
SAO CRISTOVAO 2695,2695,78840-000,RECANTO PASSAROS II,CAMPO VERDE,MATO GROSSO
MAJOR NEGRINHO 570,570,-0000002,NOVO,SANTA CRUZ DO CAPIBARIBE,PERNAMBUCO
-2 -2,-2,-0000002,-2,NAO INFORMADO,SP
RUA BENJAMIM FRAGNAN 201,201,87900-000,VILA NOVA,LOANDA,PARANA
1 VERA CRUZ 59,59,54771-071,ALBERTO MAIA,CAMARAGIBE,PERNAMBUCO
GUAICUI 596,596,30380-342,LUXEMBURGO,BELO HORIZONTE,MINAS GERAIS
RUA JORGE DE OLIVEIRA LIMA 91,91,12970-000,PARQUE PINHEIROS,PIRACAIA,SAO PAULO
DESEMBARGADOR AMARAL 2776,2776,64980-000,CENTRO,CORRENTE,PIAUI
JOSE MONTEIRO FILHO 53,53,02811-060,FREGUESIA DO O,SAO PAULO,SAO PAULO
JOAO CONTINI 173,173,89562-018,ALVORADA,VIDEIRA,SANTA CATARINA
MARIAPOLIS 393,393,55294-518,MAGANO,GARANHUNS,PERNAMBUCO
NOVA APARECIDA S/N,S/N,46530-000,ZONA RURAL,BOQUIRA,BAHIA
JOAO RODRIGUES GOMES 8,8,16880-000,SANTA CASA,VALPARAISO,SAO PAULO
POV SAO CLEMENTE S/N,S/N,49680-000,ZONA RURAL,NOSSA SENHORA DA GLORIA,SERGIPE
HONORIO 1896,1896,20771-421,DEL CASTILHO,RIO DE JANEIRO,RIO DE JANEIRO
MONSENHOR BRUNO 630,630,60115-190,MEIRELES,FORTALEZA,CEARA
UIRAPURU 939,939,84940-000,BARBOSA,SIQUEIRA CAMPOS,PARANA
CONTORNO AREA ESPECIAL 7 LOTE A G BLOCO 1 314,314,71705-040,NUCLEO BANDEIRANTE,BRASILIA,DISTRITO FEDERAL
X QUADRA SD 112,112,78058-847,PLANALTO,CUIABA,MATO GROSSO
DAS MARIMBAS 125,125,79090-270,VILA CAICARA,CAMPO GRANDE,MATO GROSSO DO SUL
PATIS 195,195,02613-000,VILA N CACHOEIRINHA,SAO PAULO,SAO PAULO
RUA DOMINGOS VIEIRA 587,587,30150-242,SANTA EFIGENIA,BELO HORIZONTE,MINAS GERAIS
SAO PAULO 140,140,46880-000,URBIS,ITABERABA,BAHIA
BOA HORA NA,,46880-000,ZONA RURAL,ITABERABA,BAHIA
2 CHILE 3,3,40717-120,PLATAFORMA,SALVADOR,BAHIA
PROFESSOR MILTON GUIMARAES 640,640,18608-025,JARDIM ITAMARATY,BOTUCATU,SAO PAULO
OURO PRETO 417,417,91040-610,JARDIM FLORESTA,PORTO ALEGRE,RIO GRANDE DO SUL
SEBASTIAO CABRAL S/N,S/N,36132-000,SAO CRISTOVAO,SANTA BARBARA DO MONTE VERDE,MINAS GERAIS
DOS BORGES 1390,1390,31975-270,JARDIM VITORIA,BELO HORIZONTE,MINAS GERAIS
CORONEL VIRGILIO RODRIGUES 201,201,95200-000,JARDIM DOS PAMPAS,VACARIA,RIO GRANDE DO SUL
DOUTOR RODRIGUES DOS SANTOS 101,101,66020-260,CIDADE VELHA,BELEM,PARA
ANGELO REMAZZOTTI 51,51,04430-090,VILA MISSIONARIA,SAO PAULO,SAO PAULO
UNIVERSITARIO 585,585,06542-089,ALPHAVILLE,SANTANA DE PARNAIBA,SAO PAULO
NOSSA SENHORA DAS GRACAS 329,329,08589-140,PINHEIRINHO,ITAQUAQUECETUBA,SAO PAULO
DO ASFALTO 6,6,35450-000,MEU SITIO,ITABIRITO,MINAS GERAIS
QUARENTA E DOIS 19,19,-0000002,CONJUNTO SAO JOSE,RONDONOPOLIS,MATO GROSSO
PROJETADA B NA,,28800-000,BOA ESPERANCA,RIO BONITO,RIO DE JANEIRO
RUA ANTIOCO 28,28,02540-090,IMIRIM,SAO PAULO,SAO PAULO
PADRE ANCHIETA 240,240,16340-000,CENTRO,LUIZIANIA,SAO PAULO
M 7 649,649,13505-100,JARDIM HIPODROMO,RIO CLARO,SAO PAULO
DOIS BLOCO 34 APARTAMENTO 302 302,302,68902-013,BEIROL,MACAPA,AMAPA
SAO GABRIEL 31,31,60120-110,JOAQUIM TAVORA,FORTALEZA,CEARA
RUA WILSON FARANI 132,132,46100-000,CENTRO,BRUMADO,BAHIA
FALENA 135,135,21775-060,REALENGO,RIO DE JANEIRO,RIO DE JANEIRO
BEJAMIN CONSTAN 205,205,68721-000,PRAINHA,SALINOPOLIS,PARA
CONCHETTA M FERREIRA Q 2 8,8,17026-720,MARY DOTA,BAURU,SAO PAULO
JULIO DE CASTILHOS 2163,2163,-0000002,,CAXIAS DO SUL,RIO GRANDE DO SUL
XAVIER DA SILVEIRA 115,115,22061-010,COPACABANA,RIO DE JANEIRO,RIO DE JANEIRO
ANTONIO AMARAL TAVARES 55,55,35501-303,CHANADOUR,DIVINOPOLIS,MINAS GERAIS
SOLDADO JOSE PIRES BARBOSA FILHO 302,302,07063-040,VILA MILTOM,GUARULHOS,SAO PAULO
P 613,613,-0000002,JARDIM ELDORADO,MONTES CLAROS,MINAS GERAIS
TREZE DE MAIO 530,530,64620-000,CENTRO,DOM EXPEDITO LOPES,PIAUI
FRANCISCO BONICIO 120,120,09781-260,JARDIM YRAJA,SAO BERNARDO DO CAMPO,SAO PAULO
FILOMENA MUSTACH 1372,1372,11718-040,ANHANGUERA,PRAIA GRANDE,SAO PAULO
ABDO LEILA 260,260,16402-740,FLORESTAN FERNANDES,LINS,SAO PAULO
FLORENTINO GILLI S/N,S/N,88356-100,LIMEIRA BAIXA,BRUSQUE,SANTA CATARINA
PIRARUCU NA,,18190-000,RESIDENCIAL EVIDENCE,ARACOIABA DA SERRA,SAO PAULO
TUPINAMBAS 515,515,36350-000,CERRADO,SAO TIAGO,MINAS GERAIS
PARAISO 66,66,69059-000,PARQUE SAO PEDRO,MANAUS,AMAZONAS
AVENIDA BRASIL 67,67,35179-000,CENTRO,SANTANA DO PARAISO,MINAS GERAIS
ALBINO MOMBERGER 562,562,93546-670,CANUDOS,NOVO HAMBURGO,RIO GRANDE DO SUL
RUA JOSE FELICIO CASTELLANO 1743,1743,13506-040,JARDIM AMERICA,RIO CLARO,SAO PAULO
SETE DE SETEMBRO 241,241,86200-000,CENTRO,IBIPORA,PARANA
SANTA MARIA 228,228,45604-192,CALIFORNIA,ITABUNA,BAHIA
QUATRO 253,253,78058-539,TRES BARRAS,CUIABA,MATO GROSSO
RIO JURUA 187,187,83507-320,JARDIM CRISTINE,ALMIRANTE TAMANDARE,PARANA
GENTIOS 273,273,30380-490,CORACAO DE JESUS,BELO HORIZONTE,MINAS GERAIS
GUILHERME BIM 310,310,15600-000,BRASILANDIA,FERNANDOPOLIS,SAO PAULO
CANDIDO FONTOURA 401,401,05583-070,JARDIM BOA VISTA,SAO PAULO,SAO PAULO
HENRIQUE PARO 64,64,14770-000,CENTRO,COLINA,SAO PAULO
PLANTA DA SORTE 17,17,08235-010,ITAQUERA,SAO PAULO,SAO PAULO
ARMANDO FERREIRA FERNANDES 95,95,12405-520,CASTOLIRA,PINDAMONHANGABA,SAO PAULO
AVENIDA CARNEIRO DA CUNHA 310,310,58040-240,TORRE,JOAO PESSOA,PARAIBA
N QUADRA 32 7,7,41211-415,ARENOSO,SALVADOR,BAHIA
RUA TRAUGOT MULLER 888,888,89150-000,PINHEIRO,PRESIDENTE GETULIO,SANTA CATARINA
ANCHIETA 46,46,11546-000,FABRIL,CUBATAO,SAO PAULO
HERCILIO DE SOUZA 649,649,89112-190,GASPARINHO,GASPAR,SANTA CATARINA
18 DE NOVEMBRO 324,324,95630-000,15 DE JUNHO,PAROBE,RIO GRANDE DO SUL
10A RUA RUA: DOUTOR ALMADA HORTA 12,12,36060-160,SANTOS ANJOS,JUIZ DE FORA,MINAS GERAIS
SAO JOAQUIM 81,81,35500-358,MARIA HELENA,DIVINOPOLIS,MINAS GERAIS
MAX HILLE 128,128,89235-215,ITINGA,JOINVILLE,SANTA CATARINA
ASSENTAMENTO NA,,78200-000,SAPIQUA,CACERES,MATO GROSSO
VEREADOR BIZERRA DE SA 1882,1882,59650-000,LAGOADOFERREIRO,ASSU,RIO GRANDE DO NORTE
VINTE E OITO DE SETEMBRO 104,104,26130-140,CENTRO,BELFORD ROXO,RIO DE JANEIRO
PASS SAO RAIMUNDO 68,68,-0000002,AGUAS LINDAS,ANANINDEUA,PARA
SCHELL 75,75,94060-440,SANTA FE,GRAVATAI,RIO GRANDE DO SUL
ENCONTRO DO MAR QUADRA N 60,60,57160-000,FRANCES,MARECHAL DEODORO,ALAGOAS
C 197 35,35,74270-030,JARDIM AMERICA,GOIANIA,GOIAS
SAMUEL DO VALE LACERDA 17,17,45400-000,URBIS,VALENCA,BAHIA
PERU 60,60,13820-000,JARDIM NOVO JAGUARI,JAGUARIUNA,SAO PAULO
DOUTOR MAGALHAES CALVET 251,251,93315-010,VILA ROSA,NOVO HAMBURGO,RIO GRANDE DO SUL
JOAO ANTONIO RANGEL 11,11,23560-130,SEROPEDICA,RIO DE JANEIRO,RIO DE JANEIRO
ALBERTO I 266,266,04298-060,VILA VERMELHA,SAO PAULO,SAO PAULO
JOSE DOS SANTOS FERREIRA 143,143,08690-260,CIDADE MIGUEL BADRA,SUZANO,SAO PAULO
PAU BRASIL 35,35,29172-145,FEU ROSA,SERRA,ESPIRITO SANTO
HORACIO PICORELI 173,173,21061-010,BONSUCESSO,RIO DE JANEIRO,RIO DE JANEIRO
GORDURA NA,,36520-000,,VISCONDE DO RIO BRANCO,MINAS GERAIS
PARATI 82,82,08411-570,VILA MARILENA,SAO PAULO,SAO PAULO
LINHA MARIA PRETA 0,0,89950-000,,DIONISIO CERQUEIRA,SANTA CATARINA
JORGE TADEU 260,260,94060-510,SANTA FE,GRAVATAI,RIO GRANDE DO SUL
SAO JOAO DEL REI 230,230,35930-331,METALURGICO,JOAO MONLEVADE,MINAS GERAIS
PROFESSOR AMORIM 1151,1151,18702-364,JARDIM BOM SUCESSO,AVARE,SAO PAULO
SARGENTO FRANCISCO JOSE ZUCO 346,346,14940-000,PAULO DE BIASI,IBITINGA,SAO PAULO
DOS GARIS 181,181,-0000002,SAO JOSE,NOVO HAMBURGO,RIO GRANDE DO SUL
GUSTAVO HAGEDORN 157,157,89252-265,NOVA BRASILIA,JARAGUA DO SUL,SANTA CATARINA
DOLORES PAIVA 93,93,63140-000,PEDRA DE FOGO,ASSARE,CEARA
DA GAVEA 449,449,22610-001,SAO CONRADO,RIO DE JANEIRO,RIO DE JANEIRO
MINISTRO JOAO ALBERTO 0,0,25555-130,JARDIM MERITI,SAO JOAO DE MERITI,RIO DE JANEIRO
DOUTOR MIGUEL DORGAN 242,242,02377-120,HORTO FLORESTAL,SAO PAULO,SAO PAULO
NAZIRA MATTAR DE FREITAS 618,618,36081-230,MONTE CASTELO,JUIZ DE FORA,MINAS GERAIS
SERRA DA MANOELA Sn,Sn,37540-000,SERRA DA MANOELA,SANTA RITA DO SAPUCAI,MINAS GERAIS
BABILONIA 224,224,09405-210,CENTRO,RIBEIRAO PIRES,SAO PAULO
OURO FINO 1192,1192,32516-224,TRES PODERES,IGARAPE,MINAS GERAIS
RUA SAO LUCAS 417,417,68515-000,BETANIA,PARAUAPEBAS,PARA
JOSE CESAR DE OLIVEIRA 80,80,05317-000,VILA LEOPOLDINA,SAO PAULO,SAO PAULO
AVENIDA PAULISTA 854,854,01310-913,BELA VISTA,SAO PAULO,SAO PAULO
CENTRO CIVICO NA,,69301-380,CENTRO,BOA VISTA,RORAIMA
VINTE QUATRO 212,212,07263-160,MARCOS FREIRE,GUARULHOS,SAO PAULO
ALAMEDA DOS MARACATINS 780,780,04089-001,INDIANOPOLIS,SAO PAULO,SAO PAULO
LAGOA DO ALGODAO 0,0,57320-000,ZONA RURAL,CRAIBAS,ALAGOAS
MIGUEL DE FRIAS DE 85 AO FIM LADO I 197,197,24220-001,ICARAI,NITEROI,RIO DE JANEIRO
TELEMARCO ROSA 8,8,35135-000,CENTRO,FERNANDES TOURINHO,MINAS GERAIS
ARCO IRIS 225,225,89056-490,FORTALEZA,BLUMENAU,SANTA CATARINA
FORMOSA DO SUL Sn,Sn,89850-000,FORMOSA DO SUL,QUILOMBO,SANTA CATARINA
G 45,45,97760-000,CONSOLATA,JAGUARI,RIO GRANDE DO SUL
DANILO CORREA 77,77,69063-400,PETROPOLIS,MANAUS,AMAZONAS
ANITA GARIBALDI 0,0,95650-000,,IGREJINHA,RIO GRANDE DO SUL
ALTO SANTA TEREZA 139,139,52390-090,PASSARINHO,RECIFE,PERNAMBUCO
EDUARDO CARLOS DE FRANCA TURIBIO 16,16,06162-020,PADROEIRA,OSASCO,SAO PAULO
LUIZ COSME 123,123,30570-720,HAVAI,BELO HORIZONTE,MINAS GERAIS
RIBEIRAO DAS PEDRAS 0,0,37542-000,ZONA RURAL,ESTIVA,MINAS GERAIS
MARIA HELENA SILVEIRA 135,135,35901-072,SANTA RUTH,ITABIRA,MINAS GERAIS
PASSA TEMPO 3,3,79015-410,JARDIM CAMPO BELO,CAMPO GRANDE,MATO GROSSO DO SUL
DOUTOR JULIANO MOREIRA 632,632,59131-430,PAJUCARA,NATAL,RIO GRANDE DO NORTE
MARIA DE FATIMA 59,59,06415-230,VILA ENGENHO NOVO,BARUERI,SAO PAULO
14 0,0,76510-000,MORADA DO SOL,CRIXAS,GOIAS
PRESIDENTE COSTA E SILVA 5562,5562,60750-000,JANGURUSSU,FORTALEZA,CEARA
SANTO ANTONIO DO PLANALTO 0,0,99150-000,ZONA RURAL,MARAU,RIO GRANDE DO SUL
SERGIO MAIA 101,101,09340-451,JARDIM BOM RECANTO,MAUA,SAO PAULO
ALAMEDA SAO BOAVENTURA 100,100,24120-196,FONSECA,NITEROI,RIO DE JANEIRO
C 7,7,-0000002,JARDIM CELESTE,SAO PAULO,SAO PAULO
AVENIDA ITAPEMIRIM Sn,Sn,29330-000,ITAOCA,ITAPEMIRIM,ESPIRITO SANTO
RUA FURTADO BELEM 23,23,69140-000,CENTRO,NHAMUNDA,AMAZONAS
RUA DOUTOR FERNANDES LIMA 10,10,57900-000,CENTRO,PORTO CALVO,ALAGOAS
CARMEN CORREIA 97,97,24474-470,ITAUNA,SAO GONCALO,RIO DE JANEIRO
OSORIO DUQUE ESTRADA 10,10,04001-120,PAULISTA,SAO PAULO,SAO PAULO
FERNANDO PESSOA 1163,1163,78464-042,PARQUES DAS ARARAS,LUCAS DO RIO VERDE,MATO GROSSO
MAESTRO VICENTE DE PAULA SILVA 352,352,37480-000,SERTAOZINHO,LAMBARI,MINAS GERAIS
CORONEL FRANCA LEITE 94,94,26587-111,CHATUBA,MESQUITA,RIO DE JANEIRO
LUIZ DE OSTI FILHO 134,134,14811-428,JARDIM PINHEIROS,ARARAQUARA,SAO PAULO
CEREJEIRAS 404,404,75806-355,S RECREIO ALVORADAS,JATAI,GOIAS
MARIA DA GLORIA 365,365,45120-000,OURO VERDE,BARRA DO CHOCA,BAHIA
ALVES CARVALHO 171,171,08588-480,JARDIM CAIUBI,ITAQUAQUECETUBA,SAO PAULO
PRUDENTE DE MORAIS 432,432,14015-100,CENTRO,RIBEIRAO PRETO,SAO PAULO
TORRES HOMEM 190,190,50810-040,VARZEA,RECIFE,PERNAMBUCO
CAMPOS BELOS 3,3,52210-152,ALTO JOSE DO PINHO,RECIFE,PERNAMBUCO
RUA SANTA VITORIA 6763,6763,64080-020,ALTO RESSURREICAO,TERESINA,PIAUI
PROJETADA III 0,0,64645-000,POVOADO BOA VIAGEM,FRANCISCO SANTOS,PIAUI
JOSE PEDRO SILVEIRA 75,75,04672-070,JARDIM BELGICA,SAO PAULO,SAO PAULO
SAN DIEGO 47,47,89066-792,ITOUPAVAZINHA,BLUMENAU,SANTA CATARINA
QNM 5 CONJUNTO M S/N,S/N,72215-063,CEILANDIA SUL,BRASILIA,DISTRITO FEDERAL
JORGE LACERDA 3876,3876,88317-100,ESPINHEIRINHOS,ITAJAI,SANTA CATARINA
NUMA NOGUEIRA 233,233,31840-400,FLORAMAR,BELO HORIZONTE,MINAS GERAIS
IRMA MARIA 330,330,35600-000,SAO VICENTE,BOM DESPACHO,MINAS GERAIS
29 36,36,-0000002,JARDIM SANTO ANTONIO,MAGE,RIO DE JANEIRO
LINHA DA ERNESTINA Sn,Sn,84620-000,ZONA RURAL,CRUZ MACHADO,PARANA
JORGE GONCALVES DE ARAUJO 200,200,21073-180,OLARIA,RIO DE JANEIRO,RIO DE JANEIRO
24 QUADRA 66 LOTE 23 NA,,72800-970,PARQUE JK,LUZIANIA,GOIAS
VICENTE PACHECO 1,1,64285-000,BELA VISTA,SIGEFREDO PACHECO,PIAUI
CRISANTEMO S/N,S/N,75382-092,CONDOMINIO DONA IRIS II,TRINDADE,GOIAS
RUA DOUTOR JOSE GONALVES 450,450,35680-032,CENTRO,ITAUNA,MINAS GERAIS
DOS PAU D ALHO 915,915,16600-000,NOVA PIRAJUI,PIRAJUI,SAO PAULO
ANTONIO MUNIZ 89,89,57302-660,CANAFISTULA,ARAPIRACA,ALAGOAS
ERCILIO PATRICIO DO LAGO 405,405,65485-000,RODOVIARIA,ITAPECURU MIRIM,MARANHAO
PRIMEIRO DE JANEIRO 44,44,57100-000,GUSTAVO PAIVA,RIO LARGO,ALAGOAS
JOAO ANTONIO PEDROSO 118,118,04125-180,JARDIM DA SAUDE,SAO PAULO,SAO PAULO
ALMIRANTE BARROSO 33,33,89240-000,ROCIO PEQUENO,SAO FRANCISCO DO SUL,SANTA CATARINA
DOUTOR CELSO PACHECO BENTIM 323,323,03571-020,PARQUE SAVOY CYTY,SAO PAULO,SAO PAULO
OURO 23,23,53429-200,NOSSA SENHORA DA CONCEICAO,PAULISTA,PERNAMBUCO
DUQUE DE CAXIAS 4963,4963,79570-000,VILA DOURADO,APARECIDA DO TABOADO,MATO GROSSO DO SUL
F 4 CASA 22,22,72855-554,JARDIM MARILIA,LUZIANIA,GOIAS
DO CAMPO NA,,48480-000,BURIL,CRISOPOLIS,BAHIA
COMENDADOR PARADA 103,103,18170-000,CENTRO,PIEDADE,SAO PAULO
SANTA ROSA 186,186,55130-000,ALTO DO ROSARIO,SAO CAITANO,PERNAMBUCO
MARECHAL MARLETT Sn,Sn,-0000002,CENTRO,FOZ DO IGUACU,PARANA
ANTONIO JOSE PACCOLA 336,336,18683-790,R SANTA TEREZINHA II,LENCOIS PAULISTA,SAO PAULO
PROFESSOR THEOCRITO BATISTA 37,37,42721-810,PICUAIA,LAURO DE FREITAS,BAHIA
DONA MARGARIDA 27,27,90240-611,NAVEGANTES,PORTO ALEGRE,RIO GRANDE DO SUL
HORIZONTE NOVO Sn,Sn,48990-000,ZONA RURAL,ANDORINHA,BAHIA
SALVATORE CRESCENZO 308,308,45345-000,ALTO DA BOA VISTA,JAGUAQUARA,BAHIA
JAO PAULO II 323,323,36202-028,NOSS SENHORA APAREC,BARBACENA,MINAS GERAIS
RUA CLETO CAMPELO 212,212,55125-000,CENTRO,TORITAMA,PERNAMBUCO
ARNALDO BUSATO 263,263,85845-000,CENTRO,VERA CRUZ DO OESTE,PARANA
CINCO LAGOS NA,,07600-000,DOS BENTOS,MAIRIPORA,SAO PAULO
LUIS GONZAGA FREIRE 5,5,05794-330,JARDIM ELGA,SAO PAULO,SAO PAULO
BENEDITO VALADARES 269,269,35600-000,SAO JOSE,BOM DESPACHO,MINAS GERAIS
PADRE JOSE DE ANCHIETA 38,38,68908-112,JESUS DE NAZARE,MACAPA,AMAPA
JOANA DE MORAIS 26,26,13254-690,PARQUE DA COLINA,ITATIBA,SAO PAULO
MIRI NA,,68880-000,MIRI,CHAVES,PARA
JOAO CLAUDIO GOSLING 308,308,12705-110,VILA ANA ROSA NOVAE,CRUZEIRO,SAO PAULO
MARIA ALVES MELO 24,24,44032-554,CAMPO LIMPO,FEIRA DE SANTANA,BAHIA
ESPANHA 97,97,07600-000,PARQUE PETROPOLIS,MAIRIPORA,SAO PAULO
SIQUEIRA CAMPOS EDIFICIO SOLAR DA PRIMAVERA 877,877,45020-400,RECREIO,VITORIA DA CONQUISTA,BAHIA
CATALUNHA 145,145,05329-030,JAGUARE,SAO PAULO,SAO PAULO
ANGELO DE BIAGI 314,314,18604-220,CHACARA CACHOE,BOTUCATU,SAO PAULO
GERONIMO CABRAL P DO AMARAL 2474,2474,84174-430,VILA RIO BRANCO,CASTRO,PARANA
VALTER SEDER 165,165,21230-740,VISTA ALEGRE,RIO DE JANEIRO,RIO DE JANEIRO
ONESIO GARCIA 1,1,05760-160,JARDIM FARIA LIMA,SAO PAULO,SAO PAULO
AVENIDA CRUZEIRO DO SUL 1190,1190,06226-006,ROCHDALE,OSASCO,SAO PAULO
SEBASTIAO MUNIZ SOUZA 43,43,05821-150,PARQUE SANTO ANTONIO,SAO PAULO,SAO PAULO
IZIDIA TAVARES LIRA 30,30,69313-268,OLIMPICO,BOA VISTA,RORAIMA
MANOEL MESSIAS RODRIGUES DE OLIVEIR 0,0,58710-000,CENTRO,VISTA SERRANA,PARAIBA
CISPLATINA 178,178,04211-040,IPIRANGA,SAO PAULO,SAO PAULO
A 16,16,78200-000,SAO JOSE,CACERES,MATO GROSSO
CORONEL SABOIA 211,211,84500-000,CENTRO,IRATI,PARANA
JOSE RAFAEL REINERT QUADRA F LOT 10 353,353,89213-136,NOVA BRASILIA,JOINVILLE,SANTA CATARINA
VINTE E TRES DE MAIO 722,722,11704-690,VILA MIRIM,PRAIA GRANDE,SAO PAULO
CAMPINA GRANDE 315,315,32681-540,JARDIM TERESOPOLIS,BETIM,MINAS GERAIS
PARAIBA 1358,1358,83701-010,IGUACU,ARAUCARIA,PARANA
CRISTOVAO L MEINERTZ 225,225,98900-000,BAIRRO SULINA,SANTA ROSA,RIO GRANDE DO SUL
POSTO CORREIO CONEGO MARINHO 0,0,39480-000,CRUZ DOS ARAUJOS,JANUARIA,MINAS GERAIS
NAIR MIRANDA CISALPINO 970,970,35701-562,INTERLAGOS I,SETE LAGOAS,MINAS GERAIS
CORONEL MELLO 288,288,95925-000,CENTRO,PROGRESSO,RIO GRANDE DO SUL
IDALINO JOAO PEREIRA 236,236,88904-162,MATO ALTO,ARARANGUA,SANTA CATARINA
GASPAR PIMENTA DE MORAES 141,141,37903-375,COHAB,PASSOS,MINAS GERAIS
RUA LIRIO MAURICIO DA FONSECA 512,512,21010-330,PARADA DE LUCAS,RIO DE JANEIRO,RIO DE JANEIRO
RUA 7 DE SETEMBRO 123,123,89642-000,CENTRO,TANGARA,SANTA CATARINA
RUA ANTONIO CARLOS MAGALHAES 1053,1053,44053-268,CIDADE NOVA,FEIRA DE SANTANA,BAHIA
RUA EMILIO NIEBUHR 60,60,88352-198,SANTA RITA,BRUSQUE,SANTA CATARINA
CANA VERDE 260,260,31270-490,LIBERDADE,BELO HORIZONTE,MINAS GERAIS
BATATAES 308,308,01423-010,JARDIM PAULISTA,SAO PAULO,SAO PAULO
DOUTOR MARURI 1528,1528,89700-156,CENTRO,CONCORDIA,SANTA CATARINA
ALMIRANTE ALEXANDRINO 750,750,30441-082,GUTIERREZ,BELO HORIZONTE,MINAS GERAIS
AVENIDA JOSE DA COSTA PINHEIRO JUNIOR 2.670,2.670,11668-000,JARAGUA,CARAGUATATUBA,SAO PAULO
CLARA NUNES 40,40,60872-114,COACU,FORTALEZA,CEARA
LUIZ RINK 72,72,06286-000,LUIZ RINK,OSASCO,SAO PAULO
CANDIDO DE OLIVEIRA CARVALHO 990,990,19802-410,VILA MERCEDES,ASSIS,SAO PAULO
ANTONIO GOMES DE BARROS Sn,Sn,57800-000,,UNIAO DOS PALMARES,ALAGOAS
BOA VISTA 401,401,49990-000,POVOADO SERRAO,ILHA DAS FLORES,SERGIPE
GETULIO VARGAS 159,159,35148-000,CENTRO,DOM CAVATI,MINAS GERAIS
BELEM 139,139,58065-051,PLANALTO,JOAO PESSOA,PARAIBA
FERNANDO CARNEIRO 3 TRAVESSA 27,27,55602-970,SITIO DO MEIO,VITORIA DE SANTO ANTAO,PERNAMBUCO
BOA ESPERANCA 208,208,21932-000,ILHA DO GOVERNADOR,RIO DE JANEIRO,RIO DE JANEIRO
RIO ITAMIMBUCA NA,,68430-000,ZONA RURAL,IGARAPE-MIRI,PARA
DAS TULIPAS 137,137,83709-380,CAMPINA DA BARRA,ARAUCARIA,PARANA
PRAIA DO MARACANA Sn,Sn,68035-010,MARACANA,SANTAREM,PARA
JOAO TOMAZ DE REZENDE 50,50,38400-506,OSVALDO REZENDE,UBERLANDIA,MINAS GERAIS
PAULINO PINTO 740,740,18190-000,CENTRO,ARACOIABA DA SERRA,SAO PAULO
BENEDITO AFFONCO 26,26,07124-143,JARDIM IPORANGA,GUARULHOS,SAO PAULO
IDELFONSO TELES 82,82,75740-000,CENTRO,GOIANDIRA,GOIAS
17 2668,2668,65634-380,PEDRO PATRICIO,TIMON,MARANHAO
GARROTE Sn,Sn,58723-000,,SAO JOSE DE ESPINHARAS,PARAIBA
ANTUERPIO SOARES YONG 10,10,28015-220,FLAMBOYANT,CAMPOS DOS GOYTACAZES,RIO DE JANEIRO
RUA AXIXA 292,292,65365-000,VILA BARROSO,ZE DOCA,MARANHAO
VICENTE PEREIRA 121,121,12226-700,CAMPOS DE SAO JOSE,SAO JOSE DOS CAMPOS,SAO PAULO
VICENTE FERNANDES 450,450,79670-000,CENTRO,BRASILANDIA,MATO GROSSO DO SUL
IOLANDA GOMES DE MOURA 571,571,57073-260,CIDADE UNIVERSITARI,MACEIO,ALAGOAS
CASSIPORE NA,,25036-040,OLAVO BILAC,DUQUE DE CAXIAS,RIO DE JANEIRO
CARLOS ARAUJO 107,107,60351-010,QUINTINO CUNHA,FORTALEZA,CEARA
ROMAO BOETA 142,142,04883-230,JARDIM ALADIM PARELHEIR,SAO PAULO,SAO PAULO
CRONGE DA SILVEIRA 438,438,68445-000,CENTRO,BARCARENA,PARA
ALEXANDRINO PEDRO DANIEL 256,256,88063-535,CAMPECHE,FLORIANOPOLIS,SANTA CATARINA
ALBINO SUZIN 412,412,89700-000,IMPERIAL,CONCORDIA,SANTA CATARINA
RUA JOSE LOURENCO 708,708,68960-000,LOURENCO,CALCOENE,AMAPA
LIBERIO ALVES MAIA 37,37,46130-000,CENTRO,ARACATU,BAHIA
RUA DA FRATERNIDADE Sn,Sn,74930-510,SETOR GARAVELO,APARECIDA DE GOIANIA,GOIAS
MILTON FERREIRA MELO 548,548,57304-230,PRIMAVERA,ARAPIRACA,ALAGOAS
LUCIO COSTA 9500,9500,22795-006,BARRA DA TIJUCA,RIO DE JANEIRO,RIO DE JANEIRO
MACEIO 47,47,59086-280,NEOPOLIS,NATAL,RIO GRANDE DO NORTE
"RODOVIA BR-010, A DIREITA, 5 KM A DENTRO Sn",Sn,65915-050,ZONA RURAL,IMPERATRIZ,MARANHAO
ADALGISA SOBRAL 121,121,58063-295,VALENTINA DE FIGUEI,JOAO PESSOA,PARAIBA
PRIMAVERA NA,,86820-000,SANTO ANTONIO,CALIFORNIA,PARANA
SALVADOR NA,,48660-000,BARRA DO TARRACHIL,CHORROCHO,BAHIA
JACU NA,,59902-000,CENTRO,FRANCISCO DANTAS,RIO GRANDE DO NORTE
ATITUBA 284,284,22730-261,TAQUARA,RIO DE JANEIRO,RIO DE JANEIRO
AVENIDA BELEM BRASILIA S/N,S/N,77760-000,SANTO ANTONIO,COLINAS DO TOCANTINS,TOCANTINS
RUA AUGUSTO DE CARVALHO 209,209,28735-000,CAXIAS,QUISSAMA,RIO DE JANEIRO
24 DE JULHO NA,,79785-000,IPEZAL,ANGELICA,MATO GROSSO DO SUL
SEBASTIAO MAMEDE 115,115,06663-055,COHAB 1,ITAPEVI,SAO PAULO
BAURU 280,280,64100-000,SANTINHO,BARRAS,PIAUI
PASSAGEM MIRACI 34,34,66083-420,TELEGRAFO SEM FIO,BELEM,PARA
RUI BARBOSA 715,715,52011-040,GRACAS,RECIFE,PERNAMBUCO
DAS CAMELIAS 580,580,38035-000,ABADIA,UBERABA,MINAS GERAIS
BOTUCATU NA,,85835-000,ZONA RURAL,JESUITAS,PARANA
LINHA PORTO ALEGRE 480,480,99250-000,CAPELA SAO JOAO,SERAFINA CORREA,RIO GRANDE DO SUL
28 25,25,65058-149,CIDADE OPERARIA,SAO LUIS,MARANHAO
CDE DE PORTO ALEGRE 1579,1579,09561-001,SANTA MARIA,SAO CAETANO DO SUL,SAO PAULO
ESTRADA RJ 14 68,68,23860-000,ITACURUCA,MANGARATIBA,RIO DE JANEIRO
JOSE FLOR 40,40,39708-000,,FREI LAGONEGRO,MINAS GERAIS
MARQUES DE POMBAL 172,172,20230-240,CENTRO,RIO DE JANEIRO,RIO DE JANEIRO
MOEMA TINOCO DA CUNHA LIMA 3206,3206,59133-090,PAJUCARA I,NATAL,RIO GRANDE DO NORTE
LENY DE SOUZA 2258,2258,27150-240,NOSSA SENHORA DE FATIMA,BARRA DO PIRAI,RIO DE JANEIRO
ARMANDO DELAI 718,718,17760-000,CENTRO,INUBIA PAULISTA,SAO PAULO
ALDEIA BREJAO 31,31,79220-000,ZONA RURAL,NIOAQUE,MATO GROSSO DO SUL
PERCI PORTA 116,116,18271-829,JARDIM TATUI,TATUI,SAO PAULO
EVERARDO MARTINS VASCONCELOS NA,,09781-300,JARDIM IRAJA,SAO BERNARDO DO CAMPO,SAO PAULO
DA ABOLICAO 1000,1000,13041-445,PONTE PRETA,CAMPINAS,SAO PAULO
AVENIDA PDE ANTONIO JOSE DOS SANTOS 258,258,04563-000,CIDADE MONCOES,SAO PAULO,SAO PAULO
TRES 151,151,32371-280,JARDIM BANDEIRANTE,CONTAGEM,MINAS GERAIS
TERRA NOVA 117,117,69250-000,NOVA,CAREIRO,AMAZONAS
FLORENTINA COLPAERT GODINHO FERRO 218,218,17120-432,JARDIM MARIA LUIZA,AGUDOS,SAO PAULO
VENANCIO AIRES 1092,1092,90040-192,CIDADE BAIXA,PORTO ALEGRE,RIO GRANDE DO SUL
FREDERICO FAULHABER 538,538,21760-000,REALENGO,RIO DE JANEIRO,RIO DE JANEIRO
RORAIMA 114,114,39580-000,PLANALTO,FRANCISCO SA,MINAS GERAIS
JOAO PINTO NORONHA 180,180,37410-000,CENTRO,TRES CORACOES,MINAS GERAIS
ITAPIREMA 153,153,08110-470,ITAIM PAULISTA,SAO PAULO,SAO PAULO
SANTOS DUMONT 102,102,33239-424,CORONEL OVIDIO GUERRA,LAGOA SANTA,MINAS GERAIS
RIO DE JANEIRO CASA 66 B NA,,67035-170,DISTRITO INDUSTRIAL,ANANINDEUA,PARA
ALAMEDA GABRIEL MONTEIRO SILVA 690,690,01442-000,JARDIM AMERICA,SAO PAULO,SAO PAULO
CELESTINO GIL VASQUEZ 477,477,11441-310,BALNEARIO CIDADE AT,GUARUJA,SAO PAULO
AQUINO DE ARAUJO 181,181,29101-240,PARQUE DAS CASTANHA,VILA VELHA,ESPIRITO SANTO
RUA ERNESTO WALTER BIEHL 162,162,93035-120,JARDIM AMERICA,SAO LEOPOLDO,RIO GRANDE DO SUL
BENEDITO CALIXTO 84,84,22450-260,VIDIGAL,RIO DE JANEIRO,RIO DE JANEIRO
TEIXEIRA MENDES 1441,1441,84031-000,UVARANAS,PONTA GROSSA,PARANA
JOSE MARIA FRANCO 41,41,12995-000,JARDIM DO LIMAO,PINHALZINHO,SAO PAULO
EPITACIO PESSOA 31,31,13091-595,VILA TRINTA E UM DE,CAMPINAS,SAO PAULO
PASSAGEM PARA 19,19,09943-410,JARDIM DAS NACOES,DIADEMA,SAO PAULO
ELISEU DE ALVARENGA 2122,2122,26525-102,CENTRO,NILOPOLIS,RIO DE JANEIRO
CONDOMINIO HAB SIMBA METRO 2 RUA GANDU 25,25,41225-580,EST DAS BARREIRAS,SALVADOR,BAHIA
MANOEL FELIPE DE SOUSA 65,65,59520-000,CENTRO,SANTANA DO MATOS,RIO GRANDE DO NORTE
02 QUADRA 8 LOTE 56 NA,,77270-000,SANTA BARBARA,PALMAS,TOCANTINS
JOSE AQUILES DE SOUSA 620,620,64690-000,CENTRO,FRONTEIRAS,PIAUI
PARANA 440,440,17780-000,VILA RANCHARIA,LUCELIA,SAO PAULO
006 NA,,74919-330,PARQUE SANTA CECILI,APARECIDA DE GOIANIA,GOIAS
SETE 25,25,-0000002,SANTA IZABEL,EUNAPOLIS,BAHIA
ITALIA 350,350,13471-550,JARDIM PAULISTANO,AMERICANA,SAO PAULO
GOIABEIRAS 150,150,12092-861,QUINTA DAS FRUTAS,TAUBATE,SAO PAULO
PRESIDENTE KENNEDY 494,494,77960-000,BOA VISTA,AUGUSTINOPOLIS,TOCANTINS
JOSE CLAUDIO DE SOUZA 363,363,37993-000,CENTRO,CAPETINGA,MINAS GERAIS
LUIS POZZOLINI 120,120,13908-010,ARCADAS,AMPARO,SAO PAULO
LOCALIDADE CORREMAO 0,0,68200-000,INTERIOR,ALENQUER,PARA
JARACUERA NA,,68400-000,,CAMETA,PARA
RUA DOS CRISANTEMOS 218,218,28921-212,CAMINHO DE BUZIOS,CABO FRIO,RIO DE JANEIRO
JOVINO EUZEBIO PACHECO 317,317,-0000002,CIDADE ALTA,ARARANGUA,SANTA CATARINA
PRADOS 120,120,34004-217,CABECEIRAS,NOVA LIMA,MINAS GERAIS
DOUTOR METODIO MARANHAO 196,196,50910-430,JARDIM SAO PAULO,RECIFE,PERNAMBUCO
VINTE E OITO DE SETEMBRO 1605,1605,13560-270,CENTRO,SAO CARLOS,SAO PAULO
ITATIAIA 10,10,81070-100,PORTAO,CURITIBA,PARANA
DA MADEIRA 33,33,06826-430,JARDIM CAMPO LIMPO,EMBU,SAO PAULO
UBERABA 70,70,35500-263,ESPIRITO SANTO,DIVINOPOLIS,MINAS GERAIS
SIPARUNA VILA INDUSTRIAL 60,60,03254-230,VILA PRUDENTE,SAO PAULO,SAO PAULO
CIRIACO DE TOLEDO 65,65,79321-160,POP NOVA,CORUMBA,MATO GROSSO DO SUL
DEPUTADO DUARTE PINHEIRO 22339,22339,02860-001,VILA SOUZA,SAO PAULO,SAO PAULO
PROFESSOR SANDOVAL ARROXELAS 97,97,57035-230,PONTA VERDE,MACEIO,ALAGOAS
TRES 169,169,55540-000,NEWTON CARNEIRO,PALMARES,PERNAMBUCO
AVENIDA DUQUE DE CAXIAS 3046,3046,86025-140,VILA SAO CAETANO,LONDRINA,PARANA
NELSON GONCALVES 85,85,26950-000,GOIABAL,PATY DO ALFERES,RIO DE JANEIRO
SENADOR NELSON CARNEIRO 324,324,08485-300,SANTA ETELVINA,SAO PAULO,SAO PAULO
RUA PRINCESA ISABEL 1028,1028,17900-000,CENTRO,DRACENA,SAO PAULO
ANTONIO CARLOS MAGALHAES 1645,1645,47990-000,SANTA HELENA,FORMOSA DO RIO PRETO,BAHIA
JOSE NALINI 108,108,86925-000,CENTRO,BORRAZOPOLIS,PARANA
QE 21 CONJUNTO B CASA 4 NA,,-0000002,GUARA II,BRASILIA,DISTRITO FEDERAL
OLAVO BILAC 219,219,89503-064,PARAISO,CACADOR,SANTA CATARINA
BRASIL 945,945,86840-000,CENTRO,FAXINAL,PARANA
A 72 235,235,57084-040,BENEDITO BENTES,MACEIO,ALAGOAS
URIMONDUBA 127,127,04530-080,ITAIM BIBI,SAO PAULO,SAO PAULO
LUIZ HASPER 1108,1108,85980-000,CENTRO,GUAIRA,PARANA
CD SAO CRISTOVAO CAM 108 ZZ S/Nr,S/Nr,41321-573,CASTELO BRANCO,SALVADOR,BAHIA
MARIA MACHADO FERREIRA 549,549,26900-000,LAGOINHA,MIGUEL PEREIRA,RIO DE JANEIRO
DOUTOR LUCIO FERNANDES FILHO 102,102,13346-370,PARQUE DAS NACOES,INDAIATUBA,SAO PAULO
NELSON 440,440,31170-770,UNIAO,BELO HORIZONTE,MINAS GERAIS
OTAVIO RIBEIRO DA COSTA 473,473,35703-122,JARDIM PRIMAVERA II,SETE LAGOAS,MINAS GERAIS
PEDRO PONCIANO 53,53,60355-650,PRESIDENTE KENNEDY,FORTALEZA,CEARA
DOUTOR GETULIO VARGAS 249,249,-0000002,ALTO DO CRISTO,SOBRAL,CEARA
PRESIDENTE GETULIO VARGAS 178,178,54100-630,VILA RICA,JABOATAO DOS GUARARAPES,PERNAMBUCO
JUREIA 448,448,04140-110,VILA MARIANA,SAO PAULO,SAO PAULO
PALMAS QUADRA 601 BLOCO 10 APARTAMENTO 203 Sn,Sn,76801-000,JARDIM SANTANA,PORTO VELHO,RONDONIA
U 1 CONJUNTO GEORGE AMERICO 385,385,-0000002,CAMPO LIMPO,FEIRA DE SANTANA,BAHIA
AVENIDA LAZARA ALVES FERREIRA 560,560,38408-092,SANTA MONICA,UBERLANDIA,MINAS GERAIS
BELA 835,835,60763-125,PARQUE SANTA ROSA,FORTALEZA,CEARA
COMUNIDADE LAURO SODRE NA,,69460-000,ZONA RURAL,COARI,AMAZONAS
PADRE CICERO 96,96,55435-000,PARQUE ALVORADA,SAO JOAO,PERNAMBUCO
BELA CRUZ S/N,S/N,37842-899,BELA CRUZ,ANDRADAS,MINAS GERAIS
DOS TEIXEIRAS 405,405,22723-205,TAQUARA,RIO DE JANEIRO,RIO DE JANEIRO
ANTONIO LOVATO S/N,S/N,-0000002,ZONA RURAL,TUPA,SAO PAULO
CAMPOS 64,64,57360-000,ZONA RURAL,GIRAU DO PONCIANO,ALAGOAS
DESEMBARGADOR MARIO SILVA NUNES 717,717,29164-044,JARDIM LIMOEIRO,SERRA,ESPIRITO SANTO
OSVALDO COSTA 825,825,06280-040,JARDIM DAVILA,OSASCO,SAO PAULO
ADAUTO DE MORAES MENESES 501,501,64240-000,CENTRO,PIRACURUCA,PIAUI
JOAO LUZZI 240,240,13652-090,JARDIM CENTENARIO,SANTA CRUZ DAS PALMEIRAS,SAO PAULO
PERIMETRAL OESTE NA,,74463-840,JARDIM BONANZA,GOIANIA,GOIAS
LEOPOLDO SOMBINI 408,408,13345-731,JARDIM DO VALLE,INDAIATUBA,SAO PAULO
RODOVIA RS-332 Sn,Sn,99490-000,VILA PAZ,TAPERA,RIO GRANDE DO SUL
MAXIMO BONACIN 286,286,86380-000,MONTE CARLO,ANDIRA,PARANA
EXPEDICIONARIO ROMILDO MARTINI 54,54,37890-000,JARDIM ANAPOLIS,MUZAMBINHO,MINAS GERAIS
VIGARIO ALBERNAZ 659,659,04134-021,VILA GUMERCINDO,SAO PAULO,SAO PAULO
TRAVESSA OURILANDIA 163,163,68695-000,PISSARREIRA,TAILANDIA,PARA
EMBOABAS 1595,1595,39260-000,PROGRESSO,VARZEA DA PALMA,MINAS GERAIS
DAS HORTENCIAS 203,203,18580-000,VILA DOS SONHOS,PEREIRAS,SAO PAULO
ARTUR SPINELI 170,170,19960-716,CENTRO,CAMPOS NOVOS PAULISTA,SAO PAULO
SAIDA PARA PITANGUEIRAS Sn,Sn,86730-000,SITIO CACHOEIRA,ASTORGA,PARANA
SANTA CATARINA NA,,77320-000,SETOR BURITIZINHO,TAGUATINGA,TOCANTINS
RUA GALILEIA 209,209,06871-340,JARDIM SAO MARCOS,ITAPECERICA DA SERRA,SAO PAULO
DESEMBRAGADOR SERGIO SILVIRA 256,256,35860-000,BANDEIRINHA,CONCEICAO DO MATO DENTRO,MINAS GERAIS
QUADRA 13 LOTE 11 Sn,Sn,76630-000,FERNANDA PARK,ITABERAI,GOIAS
LORENSO DA SILVA BRAGA 6,6,69065-175,GILBERTO MESTRINHO,MANAUS,AMAZONAS
VIANA JUNIOR 25,25,20740-300,PIEDADE,RIO DE JANEIRO,RIO DE JANEIRO
PROFESSOR BENEDITO R DE MORAES 82,82,-0000002,JARDIM ESPLANADA,PIRACICABA,SAO PAULO
PENA BOTO 50,50,04816-100,JARDIM IV CENTENARIO,SAO PAULO,SAO PAULO
PROCOPIO FERREIRA 341,341,86057-010,COLUMBIA A,LONDRINA,PARANA
SETE DE SETEMBRO 225,225,36305-134,MATOSINHOS,SAO JOAO DEL REI,MINAS GERAIS
DO QUEIMADO 216,216,21340-050,BENTO RIBEIRO,RIO DE JANEIRO,RIO DE JANEIRO
PRINCESA ISABEL 45,45,27521-280,LIBERDADE,RESENDE,RIO DE JANEIRO
CELSO GARCIA 1907,1907,03015-000,BELENZINHO,SAO PAULO,SAO PAULO
PONTE NOVA 326,326,39400-296,ALTO SAO JOAO,MONTES CLAROS,MINAS GERAIS
DOS DESBRAVADORES 1975,1975,78890-030,BELA VISTA,SORRISO,MATO GROSSO
240 NA,,74533-260,SETOR COIMBRA,GOIANIA,GOIAS
PRINCIPE DA BEIRA 242,242,50771-070,JIQUIA,RECIFE,PERNAMBUCO
SENADOR GEORGINO AVELINO 282,282,59141-045,SANTOS REIS,PARNAMIRIM,RIO GRANDE DO NORTE
CONEGO JOSE NORBERTO 71,71,04288-080,VILA BRASILIO MACHA,SAO PAULO,SAO PAULO
PASSAGEM 0,0,58399-000,AREA RURAL,ALGODAO DE JANDAIRA,PARAIBA
AVENIDA CANAL 95,95,49095-000,JABOTIANA,ARACAJU,SERGIPE
PAU BRASIL 67,67,29172-145,FEU ROSA,SERRA,ESPIRITO SANTO
BAIR DOS MACACOS S/N,S/N,37760-000,MACACOS,CARVALHOPOLIS,MINAS GERAIS
RUA PADRE RAUL VIEIRA 402,402,62900-000,CENTRO,RUSSAS,CEARA
PROJETADA G 45,45,21046-425,BONSUCESSO,RIO DE JANEIRO,RIO DE JANEIRO
ESPANHA 137,137,24325-240,MARIA PAULA,NITEROI,RIO DE JANEIRO
BERNARDINO GALHARDI 217,217,13870-080,JARDIM SERRA PAULISTA,SAO JOAO DA BOA VISTA,SAO PAULO
ESTRADA MATO DAS COBRAS 1151,1151,07179-701,PONTE ALTA I,GUARULHOS,SAO PAULO
SEMPREVIVA 38,38,60330-510,JARDIM IRACEMA,FORTALEZA,CEARA
GOIANIA 3,3,72850-350,JARDIM INGA,LUZIANIA,GOIAS
RUA ROBERTO LAMPE 225,225,89295-045,CENTRO,RIO NEGRINHO,SANTA CATARINA
ANTONIO MIRANDA 6a,6a,04812-050,JARDIM IPORANGA,SAO PAULO,SAO PAULO
REGINA BIDOIA 30,30,86037-786,RESIDENCIAL ABUSSAFE,LONDRINA,PARANA
RUA 180 76,76,53530-000,CAETES I,ABREU E LIMA,PERNAMBUCO
DOUTOR MIGUEL COUTO 543,543,14806-090,JARDIM PRIMOR,ARARAQUARA,SAO PAULO
ROSS EMORY PYLES 143,143,13458-706,RESIDENCIAL PARQUE ROCHELE II,SANTA BARBARA D'OESTE,SAO PAULO
NOSSA SENHORA DE FATIMA 46,46,54580-475,PONTE DOS CARVALHOS,CABO DE SANTO AGOSTINHO,PERNAMBUCO
RESTAURADA 310,310,24723-840,MONJOLOS,SAO GONCALO,RIO DE JANEIRO
RIACHO VERDE 0,0,-0000002,RIACHO VERDE,QUIXADA,CEARA
DO NORTE 1120,1120,44660-000,CENTRO BRAVO,SERRA PRETA,BAHIA
DAS EMBARCACOES 50,50,59152-822,NOVA PARNAMIRIM,PARNAMIRIM,RIO GRANDE DO NORTE
JOAO AIRES 238,238,02994-060,JARDIM BANDEIRANTE,SAO PAULO,SAO PAULO
ENTRE SERRAS 1,1,59318-000,ZONA RURAL,SERRA NEGRA DO NORTE,RIO GRANDE DO NORTE
DUQUE DE CAXIAS 13,13,59598-000,BAIXA DO MEIO,GUAMARE,RIO GRANDE DO NORTE
APOLINARIO GALEMBECK NICOLETTO 168,168,13481-263,JARDIM SAO LOURENCO,LIMEIRA,SAO PAULO
MONSENHOR FRANCISCO DE ASSIS PEREIRA D 4032,4032,97507-252,IPIRANGA,URUGUAIANA,RIO GRANDE DO SUL
JAMELAO PRQ ARVORES FEI MIZUHO 16,16,09855-600,ALVES DIAS,SAO BERNARDO DO CAMPO,SAO PAULO
DO XISTO BR-476 12168,12168,83707-440,RIO ABAIXINHO,ARAUCARIA,PARANA
ITAPETINGA 706,706,59124-400,SANTAREM,NATAL,RIO GRANDE DO NORTE
PORTO AMAZONAS 424,424,84036-330,,PONTA GROSSA,PARANA
PADRE JOSE MARIA DA SILVA RAMOS RAMOS 282,282,12225-160,JARDIM PARAISO DO S,SAO JOSE DOS CAMPOS,SAO PAULO
ESTIVAS 0,0,63190-000,,SANTANA DO CARIRI,CEARA
MONTEZUMA 41,41,44075-015,PONTO CENTRAL,FEIRA DE SANTANA,BAHIA
PRIMO MORAS 255,255,18530-000,COHAB,TIETE,SAO PAULO
LUIS CARLOS FRANCISCO CUNHA 320,320,19570-000,JARDIM TENIS CLUBE,REGENTE FEIJO,SAO PAULO
ARICAMBU 482,482,21012-050,CORDOVIL,RIO DE JANEIRO,RIO DE JANEIRO
HERMINIO ALVES GONDIM 117,117,56000-000,SANTUARIO,SALGUEIRO,PERNAMBUCO
SENADOR SALGADO FILHO 1728,1728,94475-000,SANTA CECILIA,VIAMAO,RIO GRANDE DO SUL
CARLOS OSELAME MONTE CARLOS 405,405,88845-000,MONTE CARLOS,COCAL DO SUL,SANTA CATARINA
RIACHUELO 217,217,20230-011,CENTRO,RIO DE JANEIRO,RIO DE JANEIRO
DONA EMILIA 131,131,93534-630,SANTOS DUMONT,NOVO HAMBURGO,RIO GRANDE DO SUL
CONSTANTI D BILALIS 510,510,35545-000,CENTRO,PERDIGAO,MINAS GERAIS
RUA ANTONIO RAYOL 340,340,65010-600,CENTRO,SAO LUIS,MARANHAO
DNOCS QUADRA 2 CONJUNTO 4 28,28,73020-510,SOBRADINHO,BRASILIA,DISTRITO FEDERAL
BARRA DA CRUZ NA,,65540-000,ZONA RURAL,SANTA QUITERIA DO MARANHAO,MARANHAO
DOM OSCAR ARNOLFO ROMERO 131,131,92330-020,MATHIAS VELHO,CANOAS,RIO GRANDE DO SUL
QUATRO 128,128,03823-260,JARDIM NOVA TEREZA,SAO PAULO,SAO PAULO
GUSTAVO LEONARDO 96,96,39803-971,SAO JACINTO,TEOFILO OTONI,MINAS GERAIS
AMARO CLAUDINO 93,93,55790-000,PAO DE ACUCAR,TAQUARITINGA DO NORTE,PERNAMBUCO
COSTA DO SOL NA,,55565-000,MATA DO CAJUEIRO,SAO JOSE DA COROA GRANDE,PERNAMBUCO
AMADEU CONSOLIM 34,34,13260-000,VILA NOVA,MORUNGABA,SAO PAULO
DOS MORANGOS 11,11,29166-830,MOR DE LARANJEIRAS,SERRA,ESPIRITO SANTO
ANDRE VIDAL DE NEGREIROS 160,160,55900-000,CENTRO,GOIANA,PERNAMBUCO
ANTONIO ABREU Sn,Sn,46445-000,SUDENE,CARINHANHA,BAHIA
BARAO DO LADARIO 401,401,96212-700,SAO MIGUEL,RIO GRANDE,RIO GRANDE DO SUL
FORTALEZA 199,199,07861-210,VILA LANFRANCHI,FRANCO DA ROCHA,SAO PAULO
LADEIRA VERMELHA NA,,63260-000,ZONA RURAL,BREJO SANTO,CEARA
PASSAGEM MENINO DEUS 140,140,66810-000,ICOARACI,BELEM,PARA
RIACHUELO 1777,1777,75800-970,SANTA MARIA,JATAI,GOIAS
NICEIAS ARRAIS Sn,Sn,63575-000,,AIUABA,CEARA
SAO ROQUE 920,920,13720-000,JARDIM SAO ROQUE,SAO JOSE DO RIO PARDO,SAO PAULO
IBIRAPUA A MEDEIROS NETO KM 11 Sn,Sn,45940-000,ZONA RURAL,IBIRAPUA,BAHIA
AUGUSTO DE OLIVEIRA SANTOS 1268,1268,11347-030,JARDIM RIO BRANCO,SAO VICENTE,SAO PAULO
CORUMBATAI 0,0,86860-000,RURAL,JARDIM ALEGRE,PARANA
RUA DO COMERCIO 177,177,72800-010,CENTRO,LUZIANIA,GOIAS
JOAO RIBEIRO NA,,27910-000,FRADE,MACAE,RIO DE JANEIRO
JOAO BATISTA FERREIRA 190,190,44640-000,BARRA DO VENTO,RIACHAO DO JACUIPE,BAHIA
BOA VISTA 1027,1027,57442-000,CENTRO,OLHO D'AGUA DAS FLORES,ALAGOAS
GENERAL SAMPAIO 258,258,95097-000,RIO BRANCO,CAXIAS DO SUL,RIO GRANDE DO SUL
DOS POTIGUARAIS 12b,12b,06663-600,PARQUE SUBURBANO,ITAPEVI,SAO PAULO
ILHA IJAITUBA NA,,68400-000,,CAMETA,PARA
GUILHERME ALFREDO MARTINS 151,151,13360-322,JARDIM ELISA,CAPIVARI,SAO PAULO
VELHA DA PENHA 88,88,03090-020,TATUAPE,SAO PAULO,SAO PAULO
BOLDO 49,49,69088-000,JOAO PAULO II,MANAUS,AMAZONAS
LANDUIFO ALVES 314,314,23815-400,CENTRO,ITAGUAI,RIO DE JANEIRO
LAGOA DOS CRIOLOS 1,1,63155-000,ZONA RURAL,SALITRE,CEARA
34 210,210,61900-600,JEREISSATI I,MARACANAU,CEARA
CORONEL CLAUDINO 2053,2053,91910-670,CRISTAL,PORTO ALEGRE,RIO GRANDE DO SUL
AVENIDA DOUTORA HYLDERTH SOUZA SOARES 125,125,45810-000,CAMBOLO - SEDE,PORTO SEGURO,BAHIA
ROCHA POMBO 2393,2393,87600-000,JARDIM LOS ANGELES,NOVA ESPERANCA,PARANA
AVENIDA PALACIO QDR-29 LOTE-07 365,365,78245-000,CENTRO,VILA BELA DA SANTISSIMA TRINDADE,MATO GROSSO
CARLOS LACERDA 601,601,64320-000,CENTRO,PIMENTEIRAS,PIAUI
C 43,43,11435-060,SANTA CLARA,GUARUJA,SAO PAULO
PE MANOEL NOBREGA 9,9,45003-240,CRUZEIRO,VITORIA DA CONQUISTA,BAHIA
RUA LAGO DA MANGUEIRA (JD DO LAGO) 210,210,09840-620,DOS CASA,SAO BERNARDO DO CAMPO,SAO PAULO
EVANGELISTA PEREIRA DOS SANTOS S/N,S/N,77453-000,CENTRO,CARIRI DO TOCANTINS,TOCANTINS
AVENIDA ENGENHEIRO WALTER ARAGAO DE SOUZA 488,488,43700-000,KM 25,SIMOES FILHO,BAHIA
DAS CARMELIAS 23,23,78020-970,JARDIM CUIABA,CUIABA,MATO GROSSO
PADRE CICERO COUTINHO 34,34,63030-260,PIRAJA,JUAZEIRO DO NORTE,CEARA
MUCIO JOSE REIS 1889,1889,35700-640,MORRO VERMELHO,SETE LAGOAS,MINAS GERAIS
BRASILIA 472,472,85250-000,,NOVA TEBAS,PARANA
MARACUJA DE CIMA NA,,58795-000,ZONA RURAL,SANTANA DOS GARROTES,PARAIBA
DOUTOR SIMEAO DE FARIA 291,291,36087-450,SANTA CRUZ,JUIZ DE FORA,MINAS GERAIS
DUARTE COELHO 954,954,13323-351,SANTA MARTA,SALTO,SAO PAULO
SITIO ESTRADA GERAL S/N,S/N,84560-000,RIO AZUL PARANA,RIO AZUL,PARANA
BAIXO MOJU Sn,Sn,68450-000,ZONA RURAL,MOJU,PARA
RUA SAMUEL DIETSCHI 225,225,93534-550,SAO JORGE,NOVO HAMBURGO,RIO GRANDE DO SUL
DEZESSEIS LOT VL GABRIELA I Sn,Sn,24856-088,VILA GABRIELA MANI,ITABORAI,RIO DE JANEIRO
AVENIDA BRASIL 219,219,69940-000,CENTRO,SENA MADUREIRA,ACRE
RUA SOUZA FRANCO 255,255,84016-160,JARDIM CARVALHO,PONTA GROSSA,PARANA
LAURENTINA ALVES PEREIRA 16,16,24320-070,PENDOTIBA,NITEROI,RIO DE JANEIRO
HELENA CASAGRANDE RAMOS 1062,1062,89225-599,AVENTUREIRO,JOINVILLE,SANTA CATARINA
PRUDENTE DE MORAES 1056,1056,95590-000,AGUAL,TRAMANDAI,RIO GRANDE DO SUL
DAVID ZANETTE 173,173,19910-740,JARDIM ESMERALDA,OURINHOS,SAO PAULO
BELA VISTA 719,719,54430-140,CANDEIAS,JABOATAO DOS GUARARAPES,PERNAMBUCO
PEDRO VELHO 96,96,59611-010,SANTO ANTONIO,MOSSORO,RIO GRANDE DO NORTE
DOUTOR NELSON BARBOSA 403,403,15052-246,RESIDENCIAL MA,SAO JOSE DO RIO PRETO,SAO PAULO
AS VARZEA II NA,,64260-000,RURAL,PIRIPIRI,PIAUI
ACIMO SALES 574,574,14960-000,JARDIM EUROPA,NOVO HORIZONTE,SAO PAULO
SEVERINO BARBOSA CONJUNTO HAB DOM HELDER CAM 350,350,53437-846,JANGA,PAULISTA,PERNAMBUCO
JOSE JOAQUIM DE MELO 271,271,58308-420,ALTO BOA VISTA,BAYEUX,PARAIBA
APARECIDA S/N,S/N,57300-970,ZONA RURAL,ARAPIRACA,ALAGOAS
DOS MUNDURUCUS PS BRASILIA 208,208,66073-110,GUAMA,BELEM,PARA
SAO VICENTE 28,28,13308-164,CIDADE NOVA,ITU,SAO PAULO
COQUEIRO BAIXO S/N,S/N,95950-000,DISTRITO,NOVA BRESCIA,RIO GRANDE DO SUL
ZORAIDA COSTA NA,,62115-000,ALTO ALEGRE,FORQUILHA,CEARA
D 601,601,63430-000,VILA PEDREGAL,ICO,CEARA
JOAQUIM DE SEABRA 629,629,13848-622,PARQUE RESI NOVA CANAA,MOGI-GUACU,SAO PAULO
OLIMPIO MENDES 272,272,45160-000,CENTRO,BELO CAMPO,BAHIA
JOSE DE SAMPAIO ALMENDRA 660,660,64110-000,CENTRO,JOSE DE FREITAS,PIAUI
HUM 482,482,38057-760,RECANTO DA TERRA,UBERABA,MINAS GERAIS
PROJETADA 750,750,64850-000,BETEL,LANDRI SALES,PIAUI
DAS MERCEDES 430,430,66063-000,SAO BRAZ,BELEM,PARA
PRIVAT 0,0,62430-000,PRIVAT,GRANJA,CEARA
SERTAO DO TAQUARI Sn,Sn,23970-000,TAQUARI,PARATY,RIO DE JANEIRO
96 QUADRA 173 14,14,49160-000,ALBANO FRANCO II,NOSSA SENHORA DO SOCORRO,SERGIPE
RUA CARLOS RUECKL 728,728,89291-105,SERRA ALTA,SAO BENTO DO SUL,SANTA CATARINA
CAM SAO MARCOS 115,115,11540-200,VILA ESPERANCA,CUBATAO,SAO PAULO
LUIZ FERNANDO FENALTI 98,98,97090-440,PRTES J GOULART,SANTA MARIA,RIO GRANDE DO SUL
MARIA DAS DORES SILVA Sn,Sn,-0000002,AREEIRO,CAMARAGIBE,PERNAMBUCO
-2 -2,-2,-0000002,-2,NAO INFORMADO,SP
DISTRITO QUADRA 2 CONJUNTO 1 69,69,71255-605,SETOR OESTE (VILA ESTRUTURAL),BRASILIA,DISTRITO FEDERAL
DOUTOR SEYBOTH 320,320,85960-230,RESIDENCIAL PARQUE ECOLOGICO,MARECHAL CANDIDO RONDON,PARANA
DOS COMERCIARIOS 450,450,08580-010,JARDIM ITAQUA,ITAQUAQUECETUBA,SAO PAULO
PE JOSE CARLOS PARRA PIRES 2450,2450,87506-280,JARDIM PORTO BELO,UMUARAMA,PARANA
FELIPE CARDOSO DE CAMPOS 765,765,05207-090,VILA CAIUBA,SAO PAULO,SAO PAULO
VOLTA DA CHARQUEADA 1440,1440,96508-970,VOLTA DA CHARQUEADA,CACHOEIRA DO SUL,RIO GRANDE DO SUL
DO HOTEL NA,,65263-000,CENTRO,PORTO RICO DO MARANHAO,MARANHAO
29 DE MARCO 122,122,65500-000,CENTRO,CHAPADINHA,MARANHAO
VEREADOR NILSON ANTUNES DE SOUZA 176,176,39230-000,CENTRO,BUENOPOLIS,MINAS GERAIS
BENEDITO CALACA LOUREIRO 92,92,57073-510,CIDADE UNIVERSIT,MACEIO,ALAGOAS
AVENIDA OTTO WERNER ROSEL 1111,1111,13563-673,JARDIM IPANEMA,SAO CARLOS,SAO PAULO
-2 -2,-2,-0000002,-2,NAO INFORMADO,SP
B 320,320,-0000002,PROMORAR,VIAMAO,RIO GRANDE DO SUL
SIQUEIRA CAMPOS 1350,1350,97400-000,CENTRO,SAO PEDRO DO SUL,RIO GRANDE DO SUL
SANTO FAUSTO 290,290,84063-290,CENTRO,PONTA GROSSA,PARANA
XV DE NOVEMBRO 1326,1326,16880-000,CENTRO,VALPARAISO,SAO PAULO
DO ALADINO 120,120,09831-525,FINCO,SAO BERNARDO DO CAMPO,SAO PAULO
RUA JOAO PINTO RAMALHO 319,319,13990-000,VILA PALMEIRAS,ESPIRITO SANTO DO PINHAL,SAO PAULO
AEROPORTO 704,704,-0000002,ZONA RURAL,CIANORTE,PARANA
ITAPEMIRIM 61,61,12570-000,ITAGUASSU,APARECIDA,SAO PAULO
ARNO WALDEMAR DOHLER 145,145,-0000002,ZONA INDUSTRIAL NORTE,JOINVILLE,SANTA CATARINA
AFRA ALBUQUERQUE LIMA 175,175,57301-250,SAO LUIZ,ARAPIRACA,ALAGOAS
RIA CARACAS 70,70,21331-740,BENTO RIBEIRO,RIO DE JANEIRO,RIO DE JANEIRO
VITOR MEIRELES JD PORTINARI 97,97,09961-530,CASA GRANDE,DIADEMA,SAO PAULO
CANDIDO AMARO DAMASIO 1965,1965,88111-110,JARDIM CIDADE DE FL,SAO JOSE,SANTA CATARINA
ANGELA DE LARA 11,11,83420-000,NOSSA SENHORA DE FATIMA,QUATRO BARRAS,PARANA
PEDRO STANCARI 644,644,17280-840,MICHEL NEME,PEDERNEIRAS,SAO PAULO
SAO JOSE 159,159,47560-000,CENTRO,BROTAS DE MACAUBAS,BAHIA
RUA IRIS RICCIONI 431,431,14070-230,QUINTINO FACCI II,RIBEIRAO PRETO,SAO PAULO
GLAUCUS SARAIVA 310,310,96700-000,QUININHO,SAO JERONIMO,RIO GRANDE DO SUL
EURICO VIANA 778,778,36061-010,VILA ALPINA,JUIZ DE FORA,MINAS GERAIS
PRINCESA ISABEL 246,246,04601-000,BROOKLIN,SAO PAULO,SAO PAULO
CUITE NA,,58291-000,ZONA RURAL,CURRAL DE CIMA,PARAIBA
ADAMS ST 282,282,-0000002,NEWARK,NAO INFORMADO,SP
JOAO BATISTA 11,11,55750-000,CENTRO,SURUBIM,PERNAMBUCO
CUMARU S/N,S/N,78325-000,CONSELVAN,ARIPUANA,MATO GROSSO
COXILHA VELHA NA,,95840-000,C VELHA,TRIUNFO,RIO GRANDE DO SUL
SANTINHO BARRACHI 118,118,14500-000,JARDIM SANTA CECILIA,ITUVERAVA,SAO PAULO
OSWALDO CRUZ 17,17,24230-210,ICARAI,NITEROI,RIO DE JANEIRO
BATISTA TIBERIO DE ALMEIDA 230,230,14875-550,JARDIM ANGELICA,JABOTICABAL,SAO PAULO
DOS COQUEIROS 100,100,79033-332,RESIDENCIAL PANAMBI,CAMPO GRANDE,MATO GROSSO DO SUL
PADRE JOSE MARIA RAMOS NA,,04379-030,VILA SANTA CATARINA,SAO PAULO,SAO PAULO
VITORIA 436,436,88790-000,VILA VITOIRIA,LAGUNA,SANTA CATARINA
SENADOR BUENO DE PAIVA 716,716,37780-000,CENTRO,CALDAS,MINAS GERAIS
MAGALHAES DE ALMEIDA 101,101,68625-970,CAMBOATA II,PARAGOMINAS,PARA
BOLIVIA 188,188,84950-000,VILA LOS ANGELES,WENCESLAU BRAZ,PARANA
SANTA FE Sn,Sn,58225-000,,SOLANEA,PARAIBA
MANGAS 80,80,91560-490,LOMBA DO PINHEIRO,PORTO ALEGRE,RIO GRANDE DO SUL
LUCIO MAURO 1565,1565,15760-000,VICENTE FILIE,URANIA,SAO PAULO
ANGUSTURA 560,560,66120-230,SACRAMENTA,BELEM,PARA
